solid OpenSCAD_Model
  facet normal 1 -0 0
    outer loop
      vertex 114.5 0 58.1
      vertex 114.5 18.5 0
      vertex 114.5 18.5 58.1
    endloop
  endfacet
  facet normal 1 0 0
    outer loop
      vertex 114.5 18.5 0
      vertex 114.5 0 58.1
      vertex 114.5 0 0
    endloop
  endfacet
  facet normal 0 0 1
    outer loop
      vertex 5 18.5 58.1
      vertex 0 18.5 58.1
      vertex 5 7 58.1
    endloop
  endfacet
  facet normal 0 0 1
    outer loop
      vertex 109.5 7 58.1
      vertex 114.5 18.5 58.1
      vertex 109.5 18.5 58.1
    endloop
  endfacet
  facet normal 0 0 1
    outer loop
      vertex 114.5 18.5 58.1
      vertex 109.5 7 58.1
      vertex 114.5 0 58.1
    endloop
  endfacet
  facet normal -0 0 1
    outer loop
      vertex 5 7 58.1
      vertex 114.5 0 58.1
      vertex 109.5 7 58.1
    endloop
  endfacet
  facet normal 0 0 1
    outer loop
      vertex 5 7 58.1
      vertex 0 0 58.1
      vertex 114.5 0 58.1
    endloop
  endfacet
  facet normal 0 0 1
    outer loop
      vertex 0 0 58.1
      vertex 5 7 58.1
      vertex 0 18.5 58.1
    endloop
  endfacet
  facet normal 0 0 -1
    outer loop
      vertex 0 0 0
      vertex 114.5 18.5 0
      vertex 114.5 0 0
    endloop
  endfacet
  facet normal -0 0 -1
    outer loop
      vertex 114.5 18.5 0
      vertex 0 0 0
      vertex 0 18.5 0
    endloop
  endfacet
  facet normal -1 0 0
    outer loop
      vertex 0 0 0
      vertex 0 18.5 58.1
      vertex 0 18.5 0
    endloop
  endfacet
  facet normal -1 -0 0
    outer loop
      vertex 0 18.5 58.1
      vertex 0 0 0
      vertex 0 0 58.1
    endloop
  endfacet
  facet normal 0 1 0
    outer loop
      vertex 114.5 18.5 58.1
      vertex 109.5 18.5 20
      vertex 109.5 18.5 58.1
    endloop
  endfacet
  facet normal 0 1 0
    outer loop
      vertex 109.5 18.5 20
      vertex 104.5 18.5 7.5
      vertex 104.5 18.5 20
    endloop
  endfacet
  facet normal 0 1 0
    outer loop
      vertex 104.5 18.5 7.5
      vertex 114.5 18.5 0
      vertex 10 18.5 7.5
    endloop
  endfacet
  facet normal 0 1 0
    outer loop
      vertex 109.5 18.5 20
      vertex 114.5 18.5 0
      vertex 104.5 18.5 7.5
    endloop
  endfacet
  facet normal 0 1 -0
    outer loop
      vertex 114.5 18.5 0
      vertex 109.5 18.5 20
      vertex 114.5 18.5 58.1
    endloop
  endfacet
  facet normal 0 1 0
    outer loop
      vertex 10 18.5 20
      vertex 10 18.5 7.5
      vertex 5 18.5 20
    endloop
  endfacet
  facet normal 0 1 -0
    outer loop
      vertex 5 18.5 20
      vertex 0 18.5 58.1
      vertex 5 18.5 58.1
    endloop
  endfacet
  facet normal 0 1 0
    outer loop
      vertex 5 18.5 20
      vertex 0 18.5 0
      vertex 0 18.5 58.1
    endloop
  endfacet
  facet normal 0 1 0
    outer loop
      vertex 10 18.5 7.5
      vertex 0 18.5 0
      vertex 5 18.5 20
    endloop
  endfacet
  facet normal 0 1 0
    outer loop
      vertex 0 18.5 0
      vertex 10 18.5 7.5
      vertex 114.5 18.5 0
    endloop
  endfacet
  facet normal 0 -1 0
    outer loop
      vertex 24.3527 0 29.7424
      vertex 0 0 58.1
      vertex 24.3186 0 29.7466
    endloop
  endfacet
  facet normal 0 -1 0
    outer loop
      vertex 114.5 0 58.1
      vertex 90.2157 0 29.7492
      vertex 90.25 0 29.75
    endloop
  endfacet
  facet normal 0 -1 0
    outer loop
      vertex 24.3866 0 29.7365
      vertex 0 0 58.1
      vertex 24.3527 0 29.7424
    endloop
  endfacet
  facet normal 0 -1 0
    outer loop
      vertex 114.5 0 58.1
      vertex 90.1814 0 29.7466
      vertex 90.2157 0 29.7492
    endloop
  endfacet
  facet normal 0 -1 0
    outer loop
      vertex 24.4201 0 29.729
      vertex 0 0 58.1
      vertex 24.3866 0 29.7365
    endloop
  endfacet
  facet normal 0 -1 0
    outer loop
      vertex 114.5 0 58.1
      vertex 90.1473 0 29.7424
      vertex 90.1814 0 29.7466
    endloop
  endfacet
  facet normal 0 -1 0
    outer loop
      vertex 24.4532 0 29.7199
      vertex 0 0 58.1
      vertex 24.4201 0 29.729
    endloop
  endfacet
  facet normal 0 -1 0
    outer loop
      vertex 114.5 0 58.1
      vertex 90.1134 0 29.7365
      vertex 90.1473 0 29.7424
    endloop
  endfacet
  facet normal 0 -1 0
    outer loop
      vertex 24.4858 0 29.7091
      vertex 0 0 58.1
      vertex 24.4532 0 29.7199
    endloop
  endfacet
  facet normal 0 -1 0
    outer loop
      vertex 114.5 0 58.1
      vertex 90.0799 0 29.729
      vertex 90.1134 0 29.7365
    endloop
  endfacet
  facet normal 0 -1 0
    outer loop
      vertex 24.5179 0 29.6967
      vertex 0 0 58.1
      vertex 24.4858 0 29.7091
    endloop
  endfacet
  facet normal 0 -1 0
    outer loop
      vertex 114.5 0 58.1
      vertex 90.0468 0 29.7199
      vertex 90.0799 0 29.729
    endloop
  endfacet
  facet normal 0 -1 0
    outer loop
      vertex 24.5493 0 29.6828
      vertex 0 0 58.1
      vertex 24.5179 0 29.6967
    endloop
  endfacet
  facet normal 0 -1 0
    outer loop
      vertex 114.5 0 58.1
      vertex 90.0142 0 29.7091
      vertex 90.0468 0 29.7199
    endloop
  endfacet
  facet normal 0 -1 0
    outer loop
      vertex 24.58 0 29.6673
      vertex 0 0 58.1
      vertex 24.5493 0 29.6828
    endloop
  endfacet
  facet normal 0 -1 0
    outer loop
      vertex 114.5 0 58.1
      vertex 89.9821 0 29.6967
      vertex 90.0142 0 29.7091
    endloop
  endfacet
  facet normal 0 -1 0
    outer loop
      vertex 24.6099 0 29.6504
      vertex 0 0 58.1
      vertex 24.58 0 29.6673
    endloop
  endfacet
  facet normal 0 -1 0
    outer loop
      vertex 114.5 0 58.1
      vertex 89.9507 0 29.6828
      vertex 89.9821 0 29.6967
    endloop
  endfacet
  facet normal 0 -1 0
    outer loop
      vertex 0 0 58.1
      vertex 24.6099 0 29.6504
      vertex 114.5 0 58.1
    endloop
  endfacet
  facet normal 0 -1 0
    outer loop
      vertex 114.5 0 58.1
      vertex 89.92 0 29.6673
      vertex 89.9507 0 29.6828
    endloop
  endfacet
  facet normal 0 -1 0
    outer loop
      vertex 89.8901 0 29.6504
      vertex 114.5 0 58.1
      vertex 24.6099 0 29.6504
    endloop
  endfacet
  facet normal 0 -1 0
    outer loop
      vertex 114.5 0 58.1
      vertex 89.8901 0 29.6504
      vertex 89.92 0 29.6673
    endloop
  endfacet
  facet normal 0 -1 0
    outer loop
      vertex 24.6389 0 29.632
      vertex 89.8901 0 29.6504
      vertex 24.6099 0 29.6504
    endloop
  endfacet
  facet normal 0 -1 0
    outer loop
      vertex 24.6389 0 29.632
      vertex 89.8611 0 29.632
      vertex 89.8901 0 29.6504
    endloop
  endfacet
  facet normal 0 -1 0
    outer loop
      vertex 24.667 0 29.6122
      vertex 89.8611 0 29.632
      vertex 24.6389 0 29.632
    endloop
  endfacet
  facet normal 0 -1 0
    outer loop
      vertex 24.667 0 29.6122
      vertex 89.833 0 29.6122
      vertex 89.8611 0 29.632
    endloop
  endfacet
  facet normal 0 -1 0
    outer loop
      vertex 24.6941 0 29.5911
      vertex 89.833 0 29.6122
      vertex 24.667 0 29.6122
    endloop
  endfacet
  facet normal 0 -1 0
    outer loop
      vertex 24.6941 0 29.5911
      vertex 89.8059 0 29.5911
      vertex 89.833 0 29.6122
    endloop
  endfacet
  facet normal 0 -1 0
    outer loop
      vertex 24.7201 0 29.5687
      vertex 89.8059 0 29.5911
      vertex 24.6941 0 29.5911
    endloop
  endfacet
  facet normal 0 -1 0
    outer loop
      vertex 24.7201 0 29.5687
      vertex 89.7799 0 29.5687
      vertex 89.8059 0 29.5911
    endloop
  endfacet
  facet normal 0 -1 0
    outer loop
      vertex 24.745 0 29.545
      vertex 89.7799 0 29.5687
      vertex 24.7201 0 29.5687
    endloop
  endfacet
  facet normal 0 -1 0
    outer loop
      vertex 24.745 0 29.545
      vertex 89.755 0 29.545
      vertex 89.7799 0 29.5687
    endloop
  endfacet
  facet normal 0 -1 0
    outer loop
      vertex 24.7687 0 29.5201
      vertex 89.755 0 29.545
      vertex 24.745 0 29.545
    endloop
  endfacet
  facet normal 0 -1 0
    outer loop
      vertex 24.7687 0 29.5201
      vertex 89.7313 0 29.5201
      vertex 89.755 0 29.545
    endloop
  endfacet
  facet normal 0 -1 0
    outer loop
      vertex 24.7911 0 29.4941
      vertex 89.7313 0 29.5201
      vertex 24.7687 0 29.5201
    endloop
  endfacet
  facet normal 0 -1 0
    outer loop
      vertex 24.7911 0 29.4941
      vertex 89.7089 0 29.4941
      vertex 89.7313 0 29.5201
    endloop
  endfacet
  facet normal 0 -1 0
    outer loop
      vertex 24.8122 0 29.467
      vertex 89.7089 0 29.4941
      vertex 24.7911 0 29.4941
    endloop
  endfacet
  facet normal 0 -1 0
    outer loop
      vertex 24.8122 0 29.467
      vertex 89.6878 0 29.467
      vertex 89.7089 0 29.4941
    endloop
  endfacet
  facet normal 0 -1 0
    outer loop
      vertex 24.832 0 29.4389
      vertex 89.6878 0 29.467
      vertex 24.8122 0 29.467
    endloop
  endfacet
  facet normal 0 -1 0
    outer loop
      vertex 24.832 0 29.4389
      vertex 89.668 0 29.4389
      vertex 89.6878 0 29.467
    endloop
  endfacet
  facet normal 0 -1 0
    outer loop
      vertex 24.8504 0 29.4099
      vertex 89.668 0 29.4389
      vertex 24.832 0 29.4389
    endloop
  endfacet
  facet normal 0 -1 0
    outer loop
      vertex 24.8504 0 29.4099
      vertex 89.6496 0 29.4099
      vertex 89.668 0 29.4389
    endloop
  endfacet
  facet normal 0 -1 0
    outer loop
      vertex 24.8673 0 29.38
      vertex 89.6496 0 29.4099
      vertex 24.8504 0 29.4099
    endloop
  endfacet
  facet normal 0 -1 0
    outer loop
      vertex 24.8673 0 29.38
      vertex 89.6327 0 29.38
      vertex 89.6496 0 29.4099
    endloop
  endfacet
  facet normal 0 -1 0
    outer loop
      vertex 24.8828 0 29.3493
      vertex 89.6327 0 29.38
      vertex 24.8673 0 29.38
    endloop
  endfacet
  facet normal 0 -1 0
    outer loop
      vertex 24.8828 0 29.3493
      vertex 89.6172 0 29.3493
      vertex 89.6327 0 29.38
    endloop
  endfacet
  facet normal 0 -1 0
    outer loop
      vertex 24.8967 0 29.3179
      vertex 89.6172 0 29.3493
      vertex 24.8828 0 29.3493
    endloop
  endfacet
  facet normal 0 -1 0
    outer loop
      vertex 24.8967 0 29.3179
      vertex 89.6033 0 29.3179
      vertex 89.6172 0 29.3493
    endloop
  endfacet
  facet normal 0 -1 0
    outer loop
      vertex 24.9091 0 29.2858
      vertex 89.6033 0 29.3179
      vertex 24.8967 0 29.3179
    endloop
  endfacet
  facet normal 0 -1 0
    outer loop
      vertex 24.9091 0 29.2858
      vertex 89.5909 0 29.2858
      vertex 89.6033 0 29.3179
    endloop
  endfacet
  facet normal 0 -1 0
    outer loop
      vertex 24.9199 0 29.2532
      vertex 89.5909 0 29.2858
      vertex 24.9091 0 29.2858
    endloop
  endfacet
  facet normal 0 -1 0
    outer loop
      vertex 24.9199 0 29.2532
      vertex 89.5801 0 29.2532
      vertex 89.5909 0 29.2858
    endloop
  endfacet
  facet normal 0 -1 0
    outer loop
      vertex 24.929 0 29.2201
      vertex 89.5801 0 29.2532
      vertex 24.9199 0 29.2532
    endloop
  endfacet
  facet normal 0 -1 0
    outer loop
      vertex 24.929 0 29.2201
      vertex 89.571 0 29.2201
      vertex 89.5801 0 29.2532
    endloop
  endfacet
  facet normal 0 -1 0
    outer loop
      vertex 24.9366 0 29.1866
      vertex 89.571 0 29.2201
      vertex 24.929 0 29.2201
    endloop
  endfacet
  facet normal 0 -1 0
    outer loop
      vertex 24.9366 0 29.1866
      vertex 89.5634 0 29.1866
      vertex 89.571 0 29.2201
    endloop
  endfacet
  facet normal 0 -1 0
    outer loop
      vertex 24.9424 0 29.1527
      vertex 89.5634 0 29.1866
      vertex 24.9366 0 29.1866
    endloop
  endfacet
  facet normal 0 -1 0
    outer loop
      vertex 24.9424 0 29.1527
      vertex 89.5576 0 29.1527
      vertex 89.5634 0 29.1866
    endloop
  endfacet
  facet normal 0 -1 0
    outer loop
      vertex 24.9466 0 29.1186
      vertex 89.5576 0 29.1527
      vertex 24.9424 0 29.1527
    endloop
  endfacet
  facet normal 0 -1 0
    outer loop
      vertex 24.9466 0 29.1186
      vertex 89.5534 0 29.1186
      vertex 89.5576 0 29.1527
    endloop
  endfacet
  facet normal 0 -1 0
    outer loop
      vertex 24.9492 0 29.0843
      vertex 89.5534 0 29.1186
      vertex 24.9466 0 29.1186
    endloop
  endfacet
  facet normal 0 -1 0
    outer loop
      vertex 24.9492 0 29.0843
      vertex 89.5508 0 29.0843
      vertex 89.5534 0 29.1186
    endloop
  endfacet
  facet normal 0 -1 0
    outer loop
      vertex 24.95 0 29.05
      vertex 89.5508 0 29.0843
      vertex 24.9492 0 29.0843
    endloop
  endfacet
  facet normal 0 -1 0
    outer loop
      vertex 24.95 0 29.05
      vertex 89.55 0 29.05
      vertex 89.5508 0 29.0843
    endloop
  endfacet
  facet normal 0 -1 0
    outer loop
      vertex 24.9492 0 29.0157
      vertex 89.55 0 29.05
      vertex 24.95 0 29.05
    endloop
  endfacet
  facet normal 0 -1 0
    outer loop
      vertex 24.9492 0 29.0157
      vertex 89.5508 0 29.0157
      vertex 89.55 0 29.05
    endloop
  endfacet
  facet normal 0 -1 0
    outer loop
      vertex 24.9466 0 28.9814
      vertex 89.5508 0 29.0157
      vertex 24.9492 0 29.0157
    endloop
  endfacet
  facet normal 0 -1 0
    outer loop
      vertex 24.9466 0 28.9814
      vertex 89.5534 0 28.9814
      vertex 89.5508 0 29.0157
    endloop
  endfacet
  facet normal 0 -1 0
    outer loop
      vertex 24.9424 0 28.9473
      vertex 89.5534 0 28.9814
      vertex 24.9466 0 28.9814
    endloop
  endfacet
  facet normal 0 -1 0
    outer loop
      vertex 24.9424 0 28.9473
      vertex 89.5576 0 28.9473
      vertex 89.5534 0 28.9814
    endloop
  endfacet
  facet normal 0 -1 0
    outer loop
      vertex 24.9366 0 28.9134
      vertex 89.5576 0 28.9473
      vertex 24.9424 0 28.9473
    endloop
  endfacet
  facet normal 0 -1 0
    outer loop
      vertex 24.9366 0 28.9134
      vertex 89.5634 0 28.9134
      vertex 89.5576 0 28.9473
    endloop
  endfacet
  facet normal 0 -1 0
    outer loop
      vertex 24.929 0 28.8799
      vertex 89.5634 0 28.9134
      vertex 24.9366 0 28.9134
    endloop
  endfacet
  facet normal 0 -1 0
    outer loop
      vertex 24.929 0 28.8799
      vertex 89.571 0 28.8799
      vertex 89.5634 0 28.9134
    endloop
  endfacet
  facet normal 0 -1 0
    outer loop
      vertex 24.9199 0 28.8468
      vertex 89.571 0 28.8799
      vertex 24.929 0 28.8799
    endloop
  endfacet
  facet normal 0 -1 0
    outer loop
      vertex 24.9199 0 28.8468
      vertex 89.5801 0 28.8468
      vertex 89.571 0 28.8799
    endloop
  endfacet
  facet normal 0 -1 0
    outer loop
      vertex 24.9091 0 28.8142
      vertex 89.5801 0 28.8468
      vertex 24.9199 0 28.8468
    endloop
  endfacet
  facet normal 0 -1 0
    outer loop
      vertex 24.9091 0 28.8142
      vertex 89.5909 0 28.8142
      vertex 89.5801 0 28.8468
    endloop
  endfacet
  facet normal 0 -1 0
    outer loop
      vertex 24.8967 0 28.7821
      vertex 89.5909 0 28.8142
      vertex 24.9091 0 28.8142
    endloop
  endfacet
  facet normal 0 -1 0
    outer loop
      vertex 24.8967 0 28.7821
      vertex 89.6033 0 28.7821
      vertex 89.5909 0 28.8142
    endloop
  endfacet
  facet normal 0 -1 0
    outer loop
      vertex 24.8828 0 28.7507
      vertex 89.6033 0 28.7821
      vertex 24.8967 0 28.7821
    endloop
  endfacet
  facet normal 0 -1 0
    outer loop
      vertex 24.8828 0 28.7507
      vertex 89.6172 0 28.7507
      vertex 89.6033 0 28.7821
    endloop
  endfacet
  facet normal 0 -1 0
    outer loop
      vertex 24.8673 0 28.72
      vertex 89.6172 0 28.7507
      vertex 24.8828 0 28.7507
    endloop
  endfacet
  facet normal 0 -1 0
    outer loop
      vertex 24.8673 0 28.72
      vertex 89.6327 0 28.72
      vertex 89.6172 0 28.7507
    endloop
  endfacet
  facet normal 0 -1 0
    outer loop
      vertex 24.8504 0 28.6901
      vertex 89.6327 0 28.72
      vertex 24.8673 0 28.72
    endloop
  endfacet
  facet normal 0 -1 0
    outer loop
      vertex 24.8504 0 28.6901
      vertex 89.6496 0 28.6901
      vertex 89.6327 0 28.72
    endloop
  endfacet
  facet normal 0 -1 0
    outer loop
      vertex 24.832 0 28.6611
      vertex 89.6496 0 28.6901
      vertex 24.8504 0 28.6901
    endloop
  endfacet
  facet normal 0 -1 0
    outer loop
      vertex 24.832 0 28.6611
      vertex 89.668 0 28.6611
      vertex 89.6496 0 28.6901
    endloop
  endfacet
  facet normal 0 -1 0
    outer loop
      vertex 24.8122 0 28.633
      vertex 89.668 0 28.6611
      vertex 24.832 0 28.6611
    endloop
  endfacet
  facet normal 0 -1 0
    outer loop
      vertex 24.8122 0 28.633
      vertex 89.6878 0 28.633
      vertex 89.668 0 28.6611
    endloop
  endfacet
  facet normal 0 -1 0
    outer loop
      vertex 24.7911 0 28.6059
      vertex 89.6878 0 28.633
      vertex 24.8122 0 28.633
    endloop
  endfacet
  facet normal 0 -1 0
    outer loop
      vertex 24.7911 0 28.6059
      vertex 89.7089 0 28.6059
      vertex 89.6878 0 28.633
    endloop
  endfacet
  facet normal 0 -1 0
    outer loop
      vertex 24.7687 0 28.5799
      vertex 89.7089 0 28.6059
      vertex 24.7911 0 28.6059
    endloop
  endfacet
  facet normal 0 -1 0
    outer loop
      vertex 24.7687 0 28.5799
      vertex 89.7313 0 28.5799
      vertex 89.7089 0 28.6059
    endloop
  endfacet
  facet normal 0 -1 0
    outer loop
      vertex 24.745 0 28.555
      vertex 89.7313 0 28.5799
      vertex 24.7687 0 28.5799
    endloop
  endfacet
  facet normal 0 -1 0
    outer loop
      vertex 24.745 0 28.555
      vertex 89.755 0 28.555
      vertex 89.7313 0 28.5799
    endloop
  endfacet
  facet normal 0 -1 0
    outer loop
      vertex 24.7201 0 28.5313
      vertex 89.755 0 28.555
      vertex 24.745 0 28.555
    endloop
  endfacet
  facet normal 0 -1 0
    outer loop
      vertex 24.7201 0 28.5313
      vertex 89.7799 0 28.5313
      vertex 89.755 0 28.555
    endloop
  endfacet
  facet normal 0 -1 0
    outer loop
      vertex 24.6941 0 28.5089
      vertex 89.7799 0 28.5313
      vertex 24.7201 0 28.5313
    endloop
  endfacet
  facet normal 0 -1 0
    outer loop
      vertex 24.6941 0 28.5089
      vertex 89.8059 0 28.5089
      vertex 89.7799 0 28.5313
    endloop
  endfacet
  facet normal 0 -1 0
    outer loop
      vertex 24.667 0 28.4878
      vertex 89.8059 0 28.5089
      vertex 24.6941 0 28.5089
    endloop
  endfacet
  facet normal 0 -1 0
    outer loop
      vertex 24.667 0 28.4878
      vertex 89.833 0 28.4878
      vertex 89.8059 0 28.5089
    endloop
  endfacet
  facet normal 0 -1 0
    outer loop
      vertex 24.6389 0 28.468
      vertex 89.833 0 28.4878
      vertex 24.667 0 28.4878
    endloop
  endfacet
  facet normal 0 -1 0
    outer loop
      vertex 24.6389 0 28.468
      vertex 89.8611 0 28.468
      vertex 89.833 0 28.4878
    endloop
  endfacet
  facet normal 0 -1 0
    outer loop
      vertex 24.6099 0 28.4496
      vertex 89.8611 0 28.468
      vertex 24.6389 0 28.468
    endloop
  endfacet
  facet normal 0 -1 0
    outer loop
      vertex 24.6099 0 28.4496
      vertex 89.8901 0 28.4496
      vertex 89.8611 0 28.468
    endloop
  endfacet
  facet normal 0 -1 0
    outer loop
      vertex 0 0 0
      vertex 24.6099 0 28.4496
      vertex 24.58 0 28.4327
    endloop
  endfacet
  facet normal 0 -1 -0
    outer loop
      vertex 24.6099 0 28.4496
      vertex 0 0 0
      vertex 89.8901 0 28.4496
    endloop
  endfacet
  facet normal 0 -1 0
    outer loop
      vertex 0 0 0
      vertex 24.58 0 28.4327
      vertex 24.5493 0 28.4172
    endloop
  endfacet
  facet normal 0 -1 0
    outer loop
      vertex 114.5 0 0
      vertex 89.8901 0 28.4496
      vertex 0 0 0
    endloop
  endfacet
  facet normal 0 -1 0
    outer loop
      vertex 0 0 0
      vertex 24.5493 0 28.4172
      vertex 24.5179 0 28.4033
    endloop
  endfacet
  facet normal 0 -1 0
    outer loop
      vertex 89.8901 0 28.4496
      vertex 114.5 0 0
      vertex 89.92 0 28.4327
    endloop
  endfacet
  facet normal 0 -1 0
    outer loop
      vertex 0 0 0
      vertex 24.5179 0 28.4033
      vertex 24.4858 0 28.3909
    endloop
  endfacet
  facet normal 0 -1 0
    outer loop
      vertex 89.92 0 28.4327
      vertex 114.5 0 0
      vertex 89.9507 0 28.4172
    endloop
  endfacet
  facet normal 0 -1 0
    outer loop
      vertex 0 0 0
      vertex 24.4858 0 28.3909
      vertex 24.4532 0 28.3801
    endloop
  endfacet
  facet normal 0 -1 0
    outer loop
      vertex 89.9507 0 28.4172
      vertex 114.5 0 0
      vertex 89.9821 0 28.4033
    endloop
  endfacet
  facet normal 0 -1 0
    outer loop
      vertex 0 0 0
      vertex 24.4532 0 28.3801
      vertex 24.4201 0 28.371
    endloop
  endfacet
  facet normal 0 -1 0
    outer loop
      vertex 89.9821 0 28.4033
      vertex 114.5 0 0
      vertex 90.0142 0 28.3909
    endloop
  endfacet
  facet normal 0 -1 0
    outer loop
      vertex 0 0 0
      vertex 24.4201 0 28.371
      vertex 24.3866 0 28.3634
    endloop
  endfacet
  facet normal 0 -1 0
    outer loop
      vertex 90.0142 0 28.3909
      vertex 114.5 0 0
      vertex 90.0468 0 28.3801
    endloop
  endfacet
  facet normal 0 -1 0
    outer loop
      vertex 0 0 0
      vertex 24.3866 0 28.3634
      vertex 24.3527 0 28.3576
    endloop
  endfacet
  facet normal 0 -1 0
    outer loop
      vertex 90.0468 0 28.3801
      vertex 114.5 0 0
      vertex 90.0799 0 28.371
    endloop
  endfacet
  facet normal 0 -1 0
    outer loop
      vertex 0 0 0
      vertex 24.3527 0 28.3576
      vertex 24.3186 0 28.3534
    endloop
  endfacet
  facet normal 0 -1 0
    outer loop
      vertex 90.0799 0 28.371
      vertex 114.5 0 0
      vertex 90.1134 0 28.3634
    endloop
  endfacet
  facet normal 0 -1 0
    outer loop
      vertex 0 0 0
      vertex 24.3186 0 28.3534
      vertex 24.2843 0 28.3508
    endloop
  endfacet
  facet normal 0 -1 0
    outer loop
      vertex 90.1134 0 28.3634
      vertex 114.5 0 0
      vertex 90.1473 0 28.3576
    endloop
  endfacet
  facet normal 0 -1 0
    outer loop
      vertex 0 0 0
      vertex 24.2843 0 28.3508
      vertex 24.25 0 28.35
    endloop
  endfacet
  facet normal 0 -1 0
    outer loop
      vertex 90.1473 0 28.3576
      vertex 114.5 0 0
      vertex 90.1814 0 28.3534
    endloop
  endfacet
  facet normal 0 -1 0
    outer loop
      vertex 24.2843 0 29.7492
      vertex 0 0 58.1
      vertex 24.25 0 29.75
    endloop
  endfacet
  facet normal 0 -1 0
    outer loop
      vertex 0 0 58.1
      vertex 24.2157 0 29.7492
      vertex 24.25 0 29.75
    endloop
  endfacet
  facet normal 0 -1 0
    outer loop
      vertex 0 0 58.1
      vertex 24.1814 0 29.7466
      vertex 24.2157 0 29.7492
    endloop
  endfacet
  facet normal 0 -1 0
    outer loop
      vertex 0 0 58.1
      vertex 24.1473 0 29.7424
      vertex 24.1814 0 29.7466
    endloop
  endfacet
  facet normal 0 -1 0
    outer loop
      vertex 0 0 58.1
      vertex 24.1134 0 29.7365
      vertex 24.1473 0 29.7424
    endloop
  endfacet
  facet normal 0 -1 0
    outer loop
      vertex 0 0 58.1
      vertex 24.0799 0 29.729
      vertex 24.1134 0 29.7365
    endloop
  endfacet
  facet normal 0 -1 0
    outer loop
      vertex 0 0 58.1
      vertex 24.0468 0 29.7199
      vertex 24.0799 0 29.729
    endloop
  endfacet
  facet normal 0 -1 0
    outer loop
      vertex 0 0 58.1
      vertex 24.0142 0 29.7091
      vertex 24.0468 0 29.7199
    endloop
  endfacet
  facet normal 0 -1 0
    outer loop
      vertex 0 0 58.1
      vertex 23.9821 0 29.6967
      vertex 24.0142 0 29.7091
    endloop
  endfacet
  facet normal 0 -1 0
    outer loop
      vertex 0 0 58.1
      vertex 23.9507 0 29.6828
      vertex 23.9821 0 29.6967
    endloop
  endfacet
  facet normal 0 -1 0
    outer loop
      vertex 0 0 58.1
      vertex 23.92 0 29.6673
      vertex 23.9507 0 29.6828
    endloop
  endfacet
  facet normal 0 -1 0
    outer loop
      vertex 0 0 58.1
      vertex 23.8901 0 29.6504
      vertex 23.92 0 29.6673
    endloop
  endfacet
  facet normal 0 -1 0
    outer loop
      vertex 0 0 58.1
      vertex 23.8611 0 29.632
      vertex 23.8901 0 29.6504
    endloop
  endfacet
  facet normal 0 -1 0
    outer loop
      vertex 0 0 58.1
      vertex 23.833 0 29.6122
      vertex 23.8611 0 29.632
    endloop
  endfacet
  facet normal 0 -1 0
    outer loop
      vertex 0 0 58.1
      vertex 23.8059 0 29.5911
      vertex 23.833 0 29.6122
    endloop
  endfacet
  facet normal 0 -1 0
    outer loop
      vertex 0 0 58.1
      vertex 23.7799 0 29.5687
      vertex 23.8059 0 29.5911
    endloop
  endfacet
  facet normal 0 -1 0
    outer loop
      vertex 0 0 58.1
      vertex 23.755 0 29.545
      vertex 23.7799 0 29.5687
    endloop
  endfacet
  facet normal 0 -1 0
    outer loop
      vertex 0 0 58.1
      vertex 23.7313 0 29.5201
      vertex 23.755 0 29.545
    endloop
  endfacet
  facet normal 0 -1 0
    outer loop
      vertex 0 0 58.1
      vertex 23.7089 0 29.4941
      vertex 23.7313 0 29.5201
    endloop
  endfacet
  facet normal 0 -1 0
    outer loop
      vertex 0 0 58.1
      vertex 23.6878 0 29.467
      vertex 23.7089 0 29.4941
    endloop
  endfacet
  facet normal 0 -1 0
    outer loop
      vertex 0 0 58.1
      vertex 23.668 0 29.4389
      vertex 23.6878 0 29.467
    endloop
  endfacet
  facet normal 0 -1 0
    outer loop
      vertex 0 0 58.1
      vertex 23.6496 0 29.4099
      vertex 23.668 0 29.4389
    endloop
  endfacet
  facet normal 0 -1 0
    outer loop
      vertex 0 0 58.1
      vertex 23.6327 0 29.38
      vertex 23.6496 0 29.4099
    endloop
  endfacet
  facet normal 0 -1 0
    outer loop
      vertex 0 0 58.1
      vertex 23.6172 0 29.3493
      vertex 23.6327 0 29.38
    endloop
  endfacet
  facet normal 0 -1 0
    outer loop
      vertex 0 0 58.1
      vertex 23.6033 0 29.3179
      vertex 23.6172 0 29.3493
    endloop
  endfacet
  facet normal 0 -1 0
    outer loop
      vertex 0 0 58.1
      vertex 23.5909 0 29.2858
      vertex 23.6033 0 29.3179
    endloop
  endfacet
  facet normal 0 -1 0
    outer loop
      vertex 0 0 58.1
      vertex 23.5801 0 29.2532
      vertex 23.5909 0 29.2858
    endloop
  endfacet
  facet normal 0 -1 0
    outer loop
      vertex 0 0 58.1
      vertex 23.571 0 29.2201
      vertex 23.5801 0 29.2532
    endloop
  endfacet
  facet normal 0 -1 0
    outer loop
      vertex 0 0 58.1
      vertex 23.5634 0 29.1866
      vertex 23.571 0 29.2201
    endloop
  endfacet
  facet normal 0 -1 0
    outer loop
      vertex 0 0 58.1
      vertex 23.5576 0 29.1527
      vertex 23.5634 0 29.1866
    endloop
  endfacet
  facet normal 0 -1 0
    outer loop
      vertex 0 0 58.1
      vertex 23.5534 0 29.1186
      vertex 23.5576 0 29.1527
    endloop
  endfacet
  facet normal 0 -1 0
    outer loop
      vertex 0 0 58.1
      vertex 23.5508 0 29.0843
      vertex 23.5534 0 29.1186
    endloop
  endfacet
  facet normal 0 -1 0
    outer loop
      vertex 0 0 58.1
      vertex 23.55 0 29.05
      vertex 23.5508 0 29.0843
    endloop
  endfacet
  facet normal 0 -1 0
    outer loop
      vertex 0 0 0
      vertex 23.55 0 29.05
      vertex 0 0 58.1
    endloop
  endfacet
  facet normal 0 -1 -0
    outer loop
      vertex 23.55 0 29.05
      vertex 0 0 0
      vertex 23.5508 0 29.0157
    endloop
  endfacet
  facet normal 0 -1 -0
    outer loop
      vertex 23.5508 0 29.0157
      vertex 0 0 0
      vertex 23.5534 0 28.9814
    endloop
  endfacet
  facet normal 0 -1 -0
    outer loop
      vertex 23.5534 0 28.9814
      vertex 0 0 0
      vertex 23.5576 0 28.9473
    endloop
  endfacet
  facet normal 0 -1 -0
    outer loop
      vertex 23.5576 0 28.9473
      vertex 0 0 0
      vertex 23.5634 0 28.9134
    endloop
  endfacet
  facet normal 0 -1 -0
    outer loop
      vertex 23.5634 0 28.9134
      vertex 0 0 0
      vertex 23.571 0 28.8799
    endloop
  endfacet
  facet normal 0 -1 -0
    outer loop
      vertex 23.571 0 28.8799
      vertex 0 0 0
      vertex 23.5801 0 28.8468
    endloop
  endfacet
  facet normal 0 -1 -0
    outer loop
      vertex 23.5801 0 28.8468
      vertex 0 0 0
      vertex 23.5909 0 28.8142
    endloop
  endfacet
  facet normal 0 -1 -0
    outer loop
      vertex 23.5909 0 28.8142
      vertex 0 0 0
      vertex 23.6033 0 28.7821
    endloop
  endfacet
  facet normal 0 -1 -0
    outer loop
      vertex 23.6033 0 28.7821
      vertex 0 0 0
      vertex 23.6172 0 28.7507
    endloop
  endfacet
  facet normal 0 -1 -0
    outer loop
      vertex 23.6172 0 28.7507
      vertex 0 0 0
      vertex 23.6327 0 28.72
    endloop
  endfacet
  facet normal 0 -1 -0
    outer loop
      vertex 23.6327 0 28.72
      vertex 0 0 0
      vertex 23.6496 0 28.6901
    endloop
  endfacet
  facet normal 0 -1 -0
    outer loop
      vertex 23.6496 0 28.6901
      vertex 0 0 0
      vertex 23.668 0 28.6611
    endloop
  endfacet
  facet normal 0 -1 -0
    outer loop
      vertex 23.668 0 28.6611
      vertex 0 0 0
      vertex 23.6878 0 28.633
    endloop
  endfacet
  facet normal 0 -1 0
    outer loop
      vertex 90.1814 0 28.3534
      vertex 114.5 0 0
      vertex 90.2157 0 28.3508
    endloop
  endfacet
  facet normal 0 -1 -0
    outer loop
      vertex 24.2157 0 28.3508
      vertex 0 0 0
      vertex 24.25 0 28.35
    endloop
  endfacet
  facet normal 0 -1 -0
    outer loop
      vertex 24.1814 0 28.3534
      vertex 0 0 0
      vertex 24.2157 0 28.3508
    endloop
  endfacet
  facet normal 0 -1 -0
    outer loop
      vertex 24.1473 0 28.3576
      vertex 0 0 0
      vertex 24.1814 0 28.3534
    endloop
  endfacet
  facet normal 0 -1 -0
    outer loop
      vertex 24.1134 0 28.3634
      vertex 0 0 0
      vertex 24.1473 0 28.3576
    endloop
  endfacet
  facet normal 0 -1 -0
    outer loop
      vertex 24.0799 0 28.371
      vertex 0 0 0
      vertex 24.1134 0 28.3634
    endloop
  endfacet
  facet normal 0 -1 -0
    outer loop
      vertex 24.0468 0 28.3801
      vertex 0 0 0
      vertex 24.0799 0 28.371
    endloop
  endfacet
  facet normal 0 -1 -0
    outer loop
      vertex 24.0142 0 28.3909
      vertex 0 0 0
      vertex 24.0468 0 28.3801
    endloop
  endfacet
  facet normal 0 -1 -0
    outer loop
      vertex 23.9821 0 28.4033
      vertex 0 0 0
      vertex 24.0142 0 28.3909
    endloop
  endfacet
  facet normal 0 -1 -0
    outer loop
      vertex 23.9507 0 28.4172
      vertex 0 0 0
      vertex 23.9821 0 28.4033
    endloop
  endfacet
  facet normal 0 -1 -0
    outer loop
      vertex 23.92 0 28.4327
      vertex 0 0 0
      vertex 23.9507 0 28.4172
    endloop
  endfacet
  facet normal 0 -1 -0
    outer loop
      vertex 23.8901 0 28.4496
      vertex 0 0 0
      vertex 23.92 0 28.4327
    endloop
  endfacet
  facet normal 0 -1 -0
    outer loop
      vertex 23.8611 0 28.468
      vertex 0 0 0
      vertex 23.8901 0 28.4496
    endloop
  endfacet
  facet normal 0 -1 -0
    outer loop
      vertex 23.833 0 28.4878
      vertex 0 0 0
      vertex 23.8611 0 28.468
    endloop
  endfacet
  facet normal 0 -1 -0
    outer loop
      vertex 23.8059 0 28.5089
      vertex 0 0 0
      vertex 23.833 0 28.4878
    endloop
  endfacet
  facet normal 0 -1 -0
    outer loop
      vertex 23.7799 0 28.5313
      vertex 0 0 0
      vertex 23.8059 0 28.5089
    endloop
  endfacet
  facet normal 0 -1 -0
    outer loop
      vertex 23.755 0 28.555
      vertex 0 0 0
      vertex 23.7799 0 28.5313
    endloop
  endfacet
  facet normal 0 -1 -0
    outer loop
      vertex 23.7313 0 28.5799
      vertex 0 0 0
      vertex 23.755 0 28.555
    endloop
  endfacet
  facet normal 0 -1 -0
    outer loop
      vertex 23.7089 0 28.6059
      vertex 0 0 0
      vertex 23.7313 0 28.5799
    endloop
  endfacet
  facet normal 0 -1 -0
    outer loop
      vertex 23.6878 0 28.633
      vertex 0 0 0
      vertex 23.7089 0 28.6059
    endloop
  endfacet
  facet normal 0 -1 0
    outer loop
      vertex 24.3186 0 29.7466
      vertex 0 0 58.1
      vertex 24.2843 0 29.7492
    endloop
  endfacet
  facet normal 0 -1 0
    outer loop
      vertex 90.2843 0 29.7492
      vertex 114.5 0 58.1
      vertex 90.25 0 29.75
    endloop
  endfacet
  facet normal 0 -1 0
    outer loop
      vertex 90.3186 0 29.7466
      vertex 114.5 0 58.1
      vertex 90.2843 0 29.7492
    endloop
  endfacet
  facet normal 0 -1 0
    outer loop
      vertex 90.3527 0 29.7424
      vertex 114.5 0 58.1
      vertex 90.3186 0 29.7466
    endloop
  endfacet
  facet normal 0 -1 0
    outer loop
      vertex 90.3866 0 29.7365
      vertex 114.5 0 58.1
      vertex 90.3527 0 29.7424
    endloop
  endfacet
  facet normal 0 -1 0
    outer loop
      vertex 90.4201 0 29.729
      vertex 114.5 0 58.1
      vertex 90.3866 0 29.7365
    endloop
  endfacet
  facet normal 0 -1 0
    outer loop
      vertex 90.4532 0 29.7199
      vertex 114.5 0 58.1
      vertex 90.4201 0 29.729
    endloop
  endfacet
  facet normal 0 -1 0
    outer loop
      vertex 90.4858 0 29.7091
      vertex 114.5 0 58.1
      vertex 90.4532 0 29.7199
    endloop
  endfacet
  facet normal 0 -1 0
    outer loop
      vertex 90.5179 0 29.6967
      vertex 114.5 0 58.1
      vertex 90.4858 0 29.7091
    endloop
  endfacet
  facet normal 0 -1 0
    outer loop
      vertex 90.5493 0 29.6828
      vertex 114.5 0 58.1
      vertex 90.5179 0 29.6967
    endloop
  endfacet
  facet normal 0 -1 0
    outer loop
      vertex 90.58 0 29.6673
      vertex 114.5 0 58.1
      vertex 90.5493 0 29.6828
    endloop
  endfacet
  facet normal 0 -1 0
    outer loop
      vertex 90.6099 0 29.6504
      vertex 114.5 0 58.1
      vertex 90.58 0 29.6673
    endloop
  endfacet
  facet normal 0 -1 0
    outer loop
      vertex 90.6389 0 29.632
      vertex 114.5 0 58.1
      vertex 90.6099 0 29.6504
    endloop
  endfacet
  facet normal 0 -1 0
    outer loop
      vertex 90.667 0 29.6122
      vertex 114.5 0 58.1
      vertex 90.6389 0 29.632
    endloop
  endfacet
  facet normal 0 -1 0
    outer loop
      vertex 90.6941 0 29.5911
      vertex 114.5 0 58.1
      vertex 90.667 0 29.6122
    endloop
  endfacet
  facet normal 0 -1 0
    outer loop
      vertex 90.7201 0 29.5687
      vertex 114.5 0 58.1
      vertex 90.6941 0 29.5911
    endloop
  endfacet
  facet normal 0 -1 0
    outer loop
      vertex 90.745 0 29.545
      vertex 114.5 0 58.1
      vertex 90.7201 0 29.5687
    endloop
  endfacet
  facet normal 0 -1 0
    outer loop
      vertex 90.7687 0 29.5201
      vertex 114.5 0 58.1
      vertex 90.745 0 29.545
    endloop
  endfacet
  facet normal 0 -1 0
    outer loop
      vertex 90.7911 0 29.4941
      vertex 114.5 0 58.1
      vertex 90.7687 0 29.5201
    endloop
  endfacet
  facet normal 0 -1 0
    outer loop
      vertex 90.8122 0 29.467
      vertex 114.5 0 58.1
      vertex 90.7911 0 29.4941
    endloop
  endfacet
  facet normal 0 -1 0
    outer loop
      vertex 90.832 0 29.4389
      vertex 114.5 0 58.1
      vertex 90.8122 0 29.467
    endloop
  endfacet
  facet normal 0 -1 0
    outer loop
      vertex 90.8504 0 29.4099
      vertex 114.5 0 58.1
      vertex 90.832 0 29.4389
    endloop
  endfacet
  facet normal 0 -1 0
    outer loop
      vertex 90.8673 0 29.38
      vertex 114.5 0 58.1
      vertex 90.8504 0 29.4099
    endloop
  endfacet
  facet normal 0 -1 0
    outer loop
      vertex 90.8828 0 29.3493
      vertex 114.5 0 58.1
      vertex 90.8673 0 29.38
    endloop
  endfacet
  facet normal 0 -1 0
    outer loop
      vertex 90.8967 0 29.3179
      vertex 114.5 0 58.1
      vertex 90.8828 0 29.3493
    endloop
  endfacet
  facet normal 0 -1 0
    outer loop
      vertex 90.9091 0 29.2858
      vertex 114.5 0 58.1
      vertex 90.8967 0 29.3179
    endloop
  endfacet
  facet normal 0 -1 0
    outer loop
      vertex 90.9199 0 29.2532
      vertex 114.5 0 58.1
      vertex 90.9091 0 29.2858
    endloop
  endfacet
  facet normal 0 -1 0
    outer loop
      vertex 90.929 0 29.2201
      vertex 114.5 0 58.1
      vertex 90.9199 0 29.2532
    endloop
  endfacet
  facet normal 0 -1 0
    outer loop
      vertex 90.9365 0 29.1866
      vertex 114.5 0 58.1
      vertex 90.929 0 29.2201
    endloop
  endfacet
  facet normal 0 -1 0
    outer loop
      vertex 90.9424 0 29.1527
      vertex 114.5 0 58.1
      vertex 90.9365 0 29.1866
    endloop
  endfacet
  facet normal 0 -1 0
    outer loop
      vertex 90.9466 0 29.1186
      vertex 114.5 0 58.1
      vertex 90.9424 0 29.1527
    endloop
  endfacet
  facet normal 0 -1 0
    outer loop
      vertex 90.9492 0 29.0843
      vertex 114.5 0 58.1
      vertex 90.9466 0 29.1186
    endloop
  endfacet
  facet normal 0 -1 0
    outer loop
      vertex 90.95 0 29.05
      vertex 114.5 0 58.1
      vertex 90.9492 0 29.0843
    endloop
  endfacet
  facet normal 0 -1 0
    outer loop
      vertex 114.5 0 0
      vertex 90.95 0 29.05
      vertex 90.9492 0 29.0157
    endloop
  endfacet
  facet normal 0 -1 0
    outer loop
      vertex 114.5 0 0
      vertex 90.9492 0 29.0157
      vertex 90.9466 0 28.9814
    endloop
  endfacet
  facet normal 0 -1 0
    outer loop
      vertex 114.5 0 0
      vertex 90.9466 0 28.9814
      vertex 90.9424 0 28.9473
    endloop
  endfacet
  facet normal 0 -1 0
    outer loop
      vertex 114.5 0 0
      vertex 90.9424 0 28.9473
      vertex 90.9365 0 28.9134
    endloop
  endfacet
  facet normal 0 -1 0
    outer loop
      vertex 114.5 0 0
      vertex 90.9365 0 28.9134
      vertex 90.929 0 28.8799
    endloop
  endfacet
  facet normal 0 -1 0
    outer loop
      vertex 114.5 0 0
      vertex 90.929 0 28.8799
      vertex 90.9199 0 28.8468
    endloop
  endfacet
  facet normal 0 -1 0
    outer loop
      vertex 114.5 0 0
      vertex 90.9199 0 28.8468
      vertex 90.9091 0 28.8142
    endloop
  endfacet
  facet normal 0 -1 0
    outer loop
      vertex 114.5 0 0
      vertex 90.9091 0 28.8142
      vertex 90.8967 0 28.7821
    endloop
  endfacet
  facet normal 0 -1 0
    outer loop
      vertex 114.5 0 0
      vertex 90.8967 0 28.7821
      vertex 90.8828 0 28.7507
    endloop
  endfacet
  facet normal 0 -1 0
    outer loop
      vertex 114.5 0 0
      vertex 90.8828 0 28.7507
      vertex 90.8673 0 28.72
    endloop
  endfacet
  facet normal 0 -1 0
    outer loop
      vertex 114.5 0 0
      vertex 90.8673 0 28.72
      vertex 90.8504 0 28.6901
    endloop
  endfacet
  facet normal 0 -1 0
    outer loop
      vertex 114.5 0 0
      vertex 90.8504 0 28.6901
      vertex 90.832 0 28.6611
    endloop
  endfacet
  facet normal 0 -1 0
    outer loop
      vertex 114.5 0 0
      vertex 90.832 0 28.6611
      vertex 90.8122 0 28.633
    endloop
  endfacet
  facet normal 0 -1 0
    outer loop
      vertex 114.5 0 0
      vertex 90.8122 0 28.633
      vertex 90.7911 0 28.6059
    endloop
  endfacet
  facet normal 0 -1 0
    outer loop
      vertex 90.2157 0 28.3508
      vertex 114.5 0 0
      vertex 90.25 0 28.35
    endloop
  endfacet
  facet normal 0 -1 0
    outer loop
      vertex 90.25 0 28.35
      vertex 114.5 0 0
      vertex 90.2843 0 28.3508
    endloop
  endfacet
  facet normal 0 -1 0
    outer loop
      vertex 90.2843 0 28.3508
      vertex 114.5 0 0
      vertex 90.3186 0 28.3534
    endloop
  endfacet
  facet normal 0 -1 0
    outer loop
      vertex 90.3186 0 28.3534
      vertex 114.5 0 0
      vertex 90.3527 0 28.3576
    endloop
  endfacet
  facet normal 0 -1 0
    outer loop
      vertex 90.3527 0 28.3576
      vertex 114.5 0 0
      vertex 90.3866 0 28.3634
    endloop
  endfacet
  facet normal 0 -1 0
    outer loop
      vertex 90.3866 0 28.3634
      vertex 114.5 0 0
      vertex 90.4201 0 28.371
    endloop
  endfacet
  facet normal 0 -1 0
    outer loop
      vertex 90.95 0 29.05
      vertex 114.5 0 0
      vertex 114.5 0 58.1
    endloop
  endfacet
  facet normal 0 -1 0
    outer loop
      vertex 90.7687 0 28.5799
      vertex 114.5 0 0
      vertex 90.7911 0 28.6059
    endloop
  endfacet
  facet normal 0 -1 0
    outer loop
      vertex 90.745 0 28.555
      vertex 114.5 0 0
      vertex 90.7687 0 28.5799
    endloop
  endfacet
  facet normal 0 -1 0
    outer loop
      vertex 90.7201 0 28.5313
      vertex 114.5 0 0
      vertex 90.745 0 28.555
    endloop
  endfacet
  facet normal 0 -1 0
    outer loop
      vertex 90.6941 0 28.5089
      vertex 114.5 0 0
      vertex 90.7201 0 28.5313
    endloop
  endfacet
  facet normal 0 -1 0
    outer loop
      vertex 90.667 0 28.4878
      vertex 114.5 0 0
      vertex 90.6941 0 28.5089
    endloop
  endfacet
  facet normal 0 -1 0
    outer loop
      vertex 90.6389 0 28.468
      vertex 114.5 0 0
      vertex 90.667 0 28.4878
    endloop
  endfacet
  facet normal 0 -1 0
    outer loop
      vertex 90.6099 0 28.4496
      vertex 114.5 0 0
      vertex 90.6389 0 28.468
    endloop
  endfacet
  facet normal 0 -1 0
    outer loop
      vertex 90.58 0 28.4327
      vertex 114.5 0 0
      vertex 90.6099 0 28.4496
    endloop
  endfacet
  facet normal 0 -1 0
    outer loop
      vertex 90.5493 0 28.4172
      vertex 114.5 0 0
      vertex 90.58 0 28.4327
    endloop
  endfacet
  facet normal 0 -1 0
    outer loop
      vertex 90.5179 0 28.4033
      vertex 114.5 0 0
      vertex 90.5493 0 28.4172
    endloop
  endfacet
  facet normal 0 -1 0
    outer loop
      vertex 90.4858 0 28.3909
      vertex 114.5 0 0
      vertex 90.5179 0 28.4033
    endloop
  endfacet
  facet normal 0 -1 0
    outer loop
      vertex 90.4532 0 28.3801
      vertex 114.5 0 0
      vertex 90.4858 0 28.3909
    endloop
  endfacet
  facet normal 0 -1 0
    outer loop
      vertex 90.4201 0 28.371
      vertex 114.5 0 0
      vertex 90.4532 0 28.3801
    endloop
  endfacet
  facet normal -1 0 0
    outer loop
      vertex 109.5 15.5 7.5
      vertex 109.5 7 7.5
      vertex 109.5 15.5 20
    endloop
  endfacet
  facet normal -1 0 0
    outer loop
      vertex 109.5 15.5 20
      vertex 109.5 18.5 58.1
      vertex 109.5 18.5 20
    endloop
  endfacet
  facet normal -1 0 0
    outer loop
      vertex 109.5 7 58.1
      vertex 109.5 15.5 20
      vertex 109.5 7 7.5
    endloop
  endfacet
  facet normal -1 0 0
    outer loop
      vertex 109.5 15.5 20
      vertex 109.5 7 58.1
      vertex 109.5 18.5 58.1
    endloop
  endfacet
  facet normal 0 0 1
    outer loop
      vertex 104.5 18.5 7.5
      vertex 10 18.5 7.5
      vertex 104.5 15.5 7.5
    endloop
  endfacet
  facet normal -0 0 1
    outer loop
      vertex 104.5 15.5 7.5
      vertex 109.5 7 7.5
      vertex 109.5 15.5 7.5
    endloop
  endfacet
  facet normal 0 0 1
    outer loop
      vertex 10 15.5 7.5
      vertex 104.5 15.5 7.5
      vertex 10 18.5 7.5
    endloop
  endfacet
  facet normal 0 0 1
    outer loop
      vertex 104.5 15.5 7.5
      vertex 10 15.5 7.5
      vertex 109.5 7 7.5
    endloop
  endfacet
  facet normal 0 0 1
    outer loop
      vertex 5 7 7.5
      vertex 10 15.5 7.5
      vertex 5 15.5 7.5
    endloop
  endfacet
  facet normal 0 0 1
    outer loop
      vertex 10 15.5 7.5
      vertex 5 7 7.5
      vertex 109.5 7 7.5
    endloop
  endfacet
  facet normal 1 0 0
    outer loop
      vertex 5 18.5 58.1
      vertex 5 15.5 20
      vertex 5 18.5 20
    endloop
  endfacet
  facet normal 1 -0 0
    outer loop
      vertex 5 7 58.1
      vertex 5 15.5 20
      vertex 5 18.5 58.1
    endloop
  endfacet
  facet normal 1 0 0
    outer loop
      vertex 5 7 7.5
      vertex 5 15.5 20
      vertex 5 7 58.1
    endloop
  endfacet
  facet normal 1 0 0
    outer loop
      vertex 5 15.5 20
      vertex 5 7 7.5
      vertex 5 15.5 7.5
    endloop
  endfacet
  facet normal 0 1 0
    outer loop
      vertex 89.1495 7 36.4688
      vertex 109.5 7 58.1
      vertex 89.5149 7 36.5139
    endloop
  endfacet
  facet normal 0 1 0
    outer loop
      vertex 5 7 58.1
      vertex 24.618 7 36.541
      vertex 24.25 7 36.55
    endloop
  endfacet
  facet normal 0 1 0
    outer loop
      vertex 88.7868 7 36.4059
      vertex 109.5 7 58.1
      vertex 89.1495 7 36.4688
    endloop
  endfacet
  facet normal 0 1 0
    outer loop
      vertex 5 7 58.1
      vertex 24.9851 7 36.5139
      vertex 24.618 7 36.541
    endloop
  endfacet
  facet normal 0 1 0
    outer loop
      vertex 88.4277 7 36.3252
      vertex 109.5 7 58.1
      vertex 88.7868 7 36.4059
    endloop
  endfacet
  facet normal 0 1 0
    outer loop
      vertex 5 7 58.1
      vertex 25.3505 7 36.4688
      vertex 24.9851 7 36.5139
    endloop
  endfacet
  facet normal 0 1 0
    outer loop
      vertex 88.0729 7 36.2271
      vertex 109.5 7 58.1
      vertex 88.4277 7 36.3252
    endloop
  endfacet
  facet normal 0 1 0
    outer loop
      vertex 5 7 58.1
      vertex 25.7132 7 36.4059
      vertex 25.3505 7 36.4688
    endloop
  endfacet
  facet normal 0 1 0
    outer loop
      vertex 87.7233 7 36.1116
      vertex 109.5 7 58.1
      vertex 88.0729 7 36.2271
    endloop
  endfacet
  facet normal 0 1 0
    outer loop
      vertex 5 7 58.1
      vertex 26.0723 7 36.3252
      vertex 25.7132 7 36.4059
    endloop
  endfacet
  facet normal 0 1 0
    outer loop
      vertex 87.3799 7 35.9791
      vertex 109.5 7 58.1
      vertex 87.7233 7 36.1116
    endloop
  endfacet
  facet normal 0 1 0
    outer loop
      vertex 5 7 58.1
      vertex 26.4271 7 36.2271
      vertex 26.0723 7 36.3252
    endloop
  endfacet
  facet normal 0 1 0
    outer loop
      vertex 87.0433 7 35.8299
      vertex 109.5 7 58.1
      vertex 87.3799 7 35.9791
    endloop
  endfacet
  facet normal 0 1 0
    outer loop
      vertex 5 7 58.1
      vertex 26.7767 7 36.1116
      vertex 26.4271 7 36.2271
    endloop
  endfacet
  facet normal 0 1 0
    outer loop
      vertex 86.7145 7 35.6644
      vertex 109.5 7 58.1
      vertex 87.0433 7 35.8299
    endloop
  endfacet
  facet normal 0 1 0
    outer loop
      vertex 5 7 58.1
      vertex 27.1201 7 35.9791
      vertex 26.7767 7 36.1116
    endloop
  endfacet
  facet normal 0 1 0
    outer loop
      vertex 109.5 7 58.1
      vertex 86.7145 7 35.6644
      vertex 5 7 58.1
    endloop
  endfacet
  facet normal 0 1 0
    outer loop
      vertex 5 7 58.1
      vertex 27.4567 7 35.8299
      vertex 27.1201 7 35.9791
    endloop
  endfacet
  facet normal 0 1 -0
    outer loop
      vertex 27.7855 7 35.6644
      vertex 5 7 58.1
      vertex 86.7145 7 35.6644
    endloop
  endfacet
  facet normal 0 1 0
    outer loop
      vertex 5 7 58.1
      vertex 27.7855 7 35.6644
      vertex 27.4567 7 35.8299
    endloop
  endfacet
  facet normal 0 1 -0
    outer loop
      vertex 86.3942 7 35.483
      vertex 27.7855 7 35.6644
      vertex 86.7145 7 35.6644
    endloop
  endfacet
  facet normal 0 1 0
    outer loop
      vertex 86.3942 7 35.483
      vertex 28.1058 7 35.483
      vertex 27.7855 7 35.6644
    endloop
  endfacet
  facet normal 0 1 -0
    outer loop
      vertex 86.0832 7 35.286
      vertex 28.1058 7 35.483
      vertex 86.3942 7 35.483
    endloop
  endfacet
  facet normal 0 1 0
    outer loop
      vertex 86.0832 7 35.286
      vertex 28.4168 7 35.286
      vertex 28.1058 7 35.483
    endloop
  endfacet
  facet normal 0 1 -0
    outer loop
      vertex 85.7823 7 35.0741
      vertex 28.4168 7 35.286
      vertex 86.0832 7 35.286
    endloop
  endfacet
  facet normal 0 1 0
    outer loop
      vertex 85.7823 7 35.0741
      vertex 28.7177 7 35.0741
      vertex 28.4168 7 35.286
    endloop
  endfacet
  facet normal 0 1 -0
    outer loop
      vertex 85.4921 7 34.8476
      vertex 28.7177 7 35.0741
      vertex 85.7823 7 35.0741
    endloop
  endfacet
  facet normal 0 1 0
    outer loop
      vertex 85.4921 7 34.8476
      vertex 29.0079 7 34.8476
      vertex 28.7177 7 35.0741
    endloop
  endfacet
  facet normal 0 1 -0
    outer loop
      vertex 85.2133 7 34.6071
      vertex 29.0079 7 34.8476
      vertex 85.4921 7 34.8476
    endloop
  endfacet
  facet normal 0 1 0
    outer loop
      vertex 85.2133 7 34.6071
      vertex 29.2867 7 34.6071
      vertex 29.0079 7 34.8476
    endloop
  endfacet
  facet normal 0 1 -0
    outer loop
      vertex 84.9467 7 34.3533
      vertex 29.2867 7 34.6071
      vertex 85.2133 7 34.6071
    endloop
  endfacet
  facet normal 0 1 0
    outer loop
      vertex 84.9467 7 34.3533
      vertex 29.5533 7 34.3533
      vertex 29.2867 7 34.6071
    endloop
  endfacet
  facet normal 0 1 -0
    outer loop
      vertex 84.6929 7 34.0867
      vertex 29.5533 7 34.3533
      vertex 84.9467 7 34.3533
    endloop
  endfacet
  facet normal 0 1 0
    outer loop
      vertex 84.6929 7 34.0867
      vertex 29.8071 7 34.0867
      vertex 29.5533 7 34.3533
    endloop
  endfacet
  facet normal 0 1 -0
    outer loop
      vertex 84.4524 7 33.8079
      vertex 29.8071 7 34.0867
      vertex 84.6929 7 34.0867
    endloop
  endfacet
  facet normal 0 1 0
    outer loop
      vertex 84.4524 7 33.8079
      vertex 30.0476 7 33.8079
      vertex 29.8071 7 34.0867
    endloop
  endfacet
  facet normal 0 1 -0
    outer loop
      vertex 84.2259 7 33.5177
      vertex 30.0476 7 33.8079
      vertex 84.4524 7 33.8079
    endloop
  endfacet
  facet normal 0 1 0
    outer loop
      vertex 84.2259 7 33.5177
      vertex 30.2741 7 33.5177
      vertex 30.0476 7 33.8079
    endloop
  endfacet
  facet normal 0 1 -0
    outer loop
      vertex 84.014 7 33.2168
      vertex 30.2741 7 33.5177
      vertex 84.2259 7 33.5177
    endloop
  endfacet
  facet normal 0 1 0
    outer loop
      vertex 84.014 7 33.2168
      vertex 30.486 7 33.2168
      vertex 30.2741 7 33.5177
    endloop
  endfacet
  facet normal 0 1 -0
    outer loop
      vertex 83.817 7 32.9058
      vertex 30.486 7 33.2168
      vertex 84.014 7 33.2168
    endloop
  endfacet
  facet normal 0 1 0
    outer loop
      vertex 83.817 7 32.9058
      vertex 30.683 7 32.9058
      vertex 30.486 7 33.2168
    endloop
  endfacet
  facet normal 0 1 -0
    outer loop
      vertex 83.6356 7 32.5855
      vertex 30.683 7 32.9058
      vertex 83.817 7 32.9058
    endloop
  endfacet
  facet normal 0 1 0
    outer loop
      vertex 83.6356 7 32.5855
      vertex 30.8644 7 32.5855
      vertex 30.683 7 32.9058
    endloop
  endfacet
  facet normal 0 1 -0
    outer loop
      vertex 83.4701 7 32.2567
      vertex 30.8644 7 32.5855
      vertex 83.6356 7 32.5855
    endloop
  endfacet
  facet normal 0 1 0
    outer loop
      vertex 83.4701 7 32.2567
      vertex 31.0299 7 32.2567
      vertex 30.8644 7 32.5855
    endloop
  endfacet
  facet normal 0 1 -0
    outer loop
      vertex 83.3209 7 31.9201
      vertex 31.0299 7 32.2567
      vertex 83.4701 7 32.2567
    endloop
  endfacet
  facet normal 0 1 0
    outer loop
      vertex 83.3209 7 31.9201
      vertex 31.1791 7 31.9201
      vertex 31.0299 7 32.2567
    endloop
  endfacet
  facet normal 0 1 -0
    outer loop
      vertex 83.1884 7 31.5767
      vertex 31.1791 7 31.9201
      vertex 83.3209 7 31.9201
    endloop
  endfacet
  facet normal 0 1 0
    outer loop
      vertex 83.1884 7 31.5767
      vertex 31.3116 7 31.5767
      vertex 31.1791 7 31.9201
    endloop
  endfacet
  facet normal 0 1 -0
    outer loop
      vertex 83.0729 7 31.2271
      vertex 31.3116 7 31.5767
      vertex 83.1884 7 31.5767
    endloop
  endfacet
  facet normal 0 1 0
    outer loop
      vertex 83.0729 7 31.2271
      vertex 31.4271 7 31.2271
      vertex 31.3116 7 31.5767
    endloop
  endfacet
  facet normal 0 1 -0
    outer loop
      vertex 82.9748 7 30.8724
      vertex 31.4271 7 31.2271
      vertex 83.0729 7 31.2271
    endloop
  endfacet
  facet normal 0 1 0
    outer loop
      vertex 82.9748 7 30.8724
      vertex 31.5252 7 30.8724
      vertex 31.4271 7 31.2271
    endloop
  endfacet
  facet normal 0 1 -0
    outer loop
      vertex 82.8941 7 30.5132
      vertex 31.5252 7 30.8724
      vertex 82.9748 7 30.8724
    endloop
  endfacet
  facet normal 0 1 0
    outer loop
      vertex 82.8941 7 30.5132
      vertex 31.6059 7 30.5132
      vertex 31.5252 7 30.8724
    endloop
  endfacet
  facet normal 0 1 -0
    outer loop
      vertex 82.8312 7 30.1505
      vertex 31.6059 7 30.5132
      vertex 82.8941 7 30.5132
    endloop
  endfacet
  facet normal 0 1 0
    outer loop
      vertex 82.8312 7 30.1505
      vertex 31.6688 7 30.1505
      vertex 31.6059 7 30.5132
    endloop
  endfacet
  facet normal 0 1 -0
    outer loop
      vertex 82.7861 7 29.7851
      vertex 31.6688 7 30.1505
      vertex 82.8312 7 30.1505
    endloop
  endfacet
  facet normal 0 1 0
    outer loop
      vertex 82.7861 7 29.7851
      vertex 31.7139 7 29.7851
      vertex 31.6688 7 30.1505
    endloop
  endfacet
  facet normal 0 1 -0
    outer loop
      vertex 82.759 7 29.418
      vertex 31.7139 7 29.7851
      vertex 82.7861 7 29.7851
    endloop
  endfacet
  facet normal 0 1 0
    outer loop
      vertex 82.759 7 29.418
      vertex 31.741 7 29.418
      vertex 31.7139 7 29.7851
    endloop
  endfacet
  facet normal 0 1 -0
    outer loop
      vertex 82.75 7 29.05
      vertex 31.741 7 29.418
      vertex 82.759 7 29.418
    endloop
  endfacet
  facet normal 0 1 0
    outer loop
      vertex 82.75 7 29.05
      vertex 31.75 7 29.05
      vertex 31.741 7 29.418
    endloop
  endfacet
  facet normal 0 1 0
    outer loop
      vertex 82.759 7 28.682
      vertex 31.75 7 29.05
      vertex 82.75 7 29.05
    endloop
  endfacet
  facet normal 0 1 0
    outer loop
      vertex 82.759 7 28.682
      vertex 31.741 7 28.682
      vertex 31.75 7 29.05
    endloop
  endfacet
  facet normal 0 1 0
    outer loop
      vertex 82.7861 7 28.3149
      vertex 31.741 7 28.682
      vertex 82.759 7 28.682
    endloop
  endfacet
  facet normal 0 1 0
    outer loop
      vertex 82.7861 7 28.3149
      vertex 31.7139 7 28.3149
      vertex 31.741 7 28.682
    endloop
  endfacet
  facet normal 0 1 0
    outer loop
      vertex 82.8312 7 27.9495
      vertex 31.7139 7 28.3149
      vertex 82.7861 7 28.3149
    endloop
  endfacet
  facet normal 0 1 0
    outer loop
      vertex 82.8312 7 27.9495
      vertex 31.6688 7 27.9495
      vertex 31.7139 7 28.3149
    endloop
  endfacet
  facet normal 0 1 0
    outer loop
      vertex 82.8941 7 27.5868
      vertex 31.6688 7 27.9495
      vertex 82.8312 7 27.9495
    endloop
  endfacet
  facet normal 0 1 0
    outer loop
      vertex 82.8941 7 27.5868
      vertex 31.6059 7 27.5868
      vertex 31.6688 7 27.9495
    endloop
  endfacet
  facet normal 0 1 0
    outer loop
      vertex 82.9748 7 27.2276
      vertex 31.6059 7 27.5868
      vertex 82.8941 7 27.5868
    endloop
  endfacet
  facet normal 0 1 0
    outer loop
      vertex 82.9748 7 27.2276
      vertex 31.5252 7 27.2276
      vertex 31.6059 7 27.5868
    endloop
  endfacet
  facet normal 0 1 0
    outer loop
      vertex 83.0729 7 26.8729
      vertex 31.5252 7 27.2276
      vertex 82.9748 7 27.2276
    endloop
  endfacet
  facet normal 0 1 0
    outer loop
      vertex 83.0729 7 26.8729
      vertex 31.4271 7 26.8729
      vertex 31.5252 7 27.2276
    endloop
  endfacet
  facet normal 0 1 0
    outer loop
      vertex 83.1884 7 26.5233
      vertex 31.4271 7 26.8729
      vertex 83.0729 7 26.8729
    endloop
  endfacet
  facet normal 0 1 0
    outer loop
      vertex 83.1884 7 26.5233
      vertex 31.3116 7 26.5233
      vertex 31.4271 7 26.8729
    endloop
  endfacet
  facet normal 0 1 0
    outer loop
      vertex 83.3209 7 26.1799
      vertex 31.3116 7 26.5233
      vertex 83.1884 7 26.5233
    endloop
  endfacet
  facet normal 0 1 0
    outer loop
      vertex 83.3209 7 26.1799
      vertex 31.1791 7 26.1799
      vertex 31.3116 7 26.5233
    endloop
  endfacet
  facet normal 0 1 0
    outer loop
      vertex 83.4701 7 25.8433
      vertex 31.1791 7 26.1799
      vertex 83.3209 7 26.1799
    endloop
  endfacet
  facet normal 0 1 0
    outer loop
      vertex 83.4701 7 25.8433
      vertex 31.0299 7 25.8433
      vertex 31.1791 7 26.1799
    endloop
  endfacet
  facet normal 0 1 0
    outer loop
      vertex 83.6356 7 25.5145
      vertex 31.0299 7 25.8433
      vertex 83.4701 7 25.8433
    endloop
  endfacet
  facet normal 0 1 0
    outer loop
      vertex 83.6356 7 25.5145
      vertex 30.8644 7 25.5145
      vertex 31.0299 7 25.8433
    endloop
  endfacet
  facet normal 0 1 0
    outer loop
      vertex 83.817 7 25.1942
      vertex 30.8644 7 25.5145
      vertex 83.6356 7 25.5145
    endloop
  endfacet
  facet normal 0 1 0
    outer loop
      vertex 83.817 7 25.1942
      vertex 30.683 7 25.1942
      vertex 30.8644 7 25.5145
    endloop
  endfacet
  facet normal 0 1 0
    outer loop
      vertex 84.014 7 24.8832
      vertex 30.683 7 25.1942
      vertex 83.817 7 25.1942
    endloop
  endfacet
  facet normal 0 1 0
    outer loop
      vertex 84.014 7 24.8832
      vertex 30.486 7 24.8832
      vertex 30.683 7 25.1942
    endloop
  endfacet
  facet normal 0 1 0
    outer loop
      vertex 84.2259 7 24.5823
      vertex 30.486 7 24.8832
      vertex 84.014 7 24.8832
    endloop
  endfacet
  facet normal 0 1 0
    outer loop
      vertex 84.2259 7 24.5823
      vertex 30.2741 7 24.5823
      vertex 30.486 7 24.8832
    endloop
  endfacet
  facet normal 0 1 0
    outer loop
      vertex 84.4524 7 24.292
      vertex 30.2741 7 24.5823
      vertex 84.2259 7 24.5823
    endloop
  endfacet
  facet normal 0 1 0
    outer loop
      vertex 84.4524 7 24.292
      vertex 30.0476 7 24.292
      vertex 30.2741 7 24.5823
    endloop
  endfacet
  facet normal 0 1 0
    outer loop
      vertex 84.6929 7 24.0133
      vertex 30.0476 7 24.292
      vertex 84.4524 7 24.292
    endloop
  endfacet
  facet normal 0 1 0
    outer loop
      vertex 84.6929 7 24.0133
      vertex 29.8071 7 24.0133
      vertex 30.0476 7 24.292
    endloop
  endfacet
  facet normal 0 1 0
    outer loop
      vertex 84.9467 7 23.7467
      vertex 29.8071 7 24.0133
      vertex 84.6929 7 24.0133
    endloop
  endfacet
  facet normal 0 1 0
    outer loop
      vertex 84.9467 7 23.7467
      vertex 29.5533 7 23.7467
      vertex 29.8071 7 24.0133
    endloop
  endfacet
  facet normal 0 1 0
    outer loop
      vertex 85.2133 7 23.4929
      vertex 29.5533 7 23.7467
      vertex 84.9467 7 23.7467
    endloop
  endfacet
  facet normal 0 1 0
    outer loop
      vertex 85.2133 7 23.4929
      vertex 29.2867 7 23.4929
      vertex 29.5533 7 23.7467
    endloop
  endfacet
  facet normal 0 1 0
    outer loop
      vertex 85.4921 7 23.2524
      vertex 29.2867 7 23.4929
      vertex 85.2133 7 23.4929
    endloop
  endfacet
  facet normal 0 1 0
    outer loop
      vertex 85.4921 7 23.2524
      vertex 29.0079 7 23.2524
      vertex 29.2867 7 23.4929
    endloop
  endfacet
  facet normal 0 1 0
    outer loop
      vertex 85.7823 7 23.0259
      vertex 29.0079 7 23.2524
      vertex 85.4921 7 23.2524
    endloop
  endfacet
  facet normal 0 1 0
    outer loop
      vertex 85.7823 7 23.0259
      vertex 28.7177 7 23.0259
      vertex 29.0079 7 23.2524
    endloop
  endfacet
  facet normal 0 1 0
    outer loop
      vertex 86.0832 7 22.814
      vertex 28.7177 7 23.0259
      vertex 85.7823 7 23.0259
    endloop
  endfacet
  facet normal 0 1 0
    outer loop
      vertex 86.0832 7 22.814
      vertex 28.4168 7 22.814
      vertex 28.7177 7 23.0259
    endloop
  endfacet
  facet normal 0 1 0
    outer loop
      vertex 86.3942 7 22.617
      vertex 28.4168 7 22.814
      vertex 86.0832 7 22.814
    endloop
  endfacet
  facet normal 0 1 0
    outer loop
      vertex 86.3942 7 22.617
      vertex 28.1058 7 22.617
      vertex 28.4168 7 22.814
    endloop
  endfacet
  facet normal 0 1 0
    outer loop
      vertex 86.7145 7 22.4356
      vertex 28.1058 7 22.617
      vertex 86.3942 7 22.617
    endloop
  endfacet
  facet normal 0 1 0
    outer loop
      vertex 86.7145 7 22.4356
      vertex 27.7855 7 22.4356
      vertex 28.1058 7 22.617
    endloop
  endfacet
  facet normal 0 1 0
    outer loop
      vertex 87.0433 7 22.2701
      vertex 27.7855 7 22.4356
      vertex 86.7145 7 22.4356
    endloop
  endfacet
  facet normal 0 1 0
    outer loop
      vertex 87.0433 7 22.2701
      vertex 27.4567 7 22.2701
      vertex 27.7855 7 22.4356
    endloop
  endfacet
  facet normal 0 1 0
    outer loop
      vertex 87.3799 7 22.1209
      vertex 27.4567 7 22.2701
      vertex 87.0433 7 22.2701
    endloop
  endfacet
  facet normal 0 1 0
    outer loop
      vertex 87.3799 7 22.1209
      vertex 27.1201 7 22.1209
      vertex 27.4567 7 22.2701
    endloop
  endfacet
  facet normal 0 1 0
    outer loop
      vertex 109.5 7 7.5
      vertex 87.3799 7 22.1209
      vertex 87.7233 7 21.9884
    endloop
  endfacet
  facet normal 0 1 0
    outer loop
      vertex 87.3799 7 22.1209
      vertex 109.5 7 7.5
      vertex 27.1201 7 22.1209
    endloop
  endfacet
  facet normal 0 1 0
    outer loop
      vertex 109.5 7 7.5
      vertex 87.7233 7 21.9884
      vertex 88.0729 7 21.8729
    endloop
  endfacet
  facet normal 0 1 0
    outer loop
      vertex 5 7 7.5
      vertex 27.1201 7 22.1209
      vertex 109.5 7 7.5
    endloop
  endfacet
  facet normal 0 1 0
    outer loop
      vertex 109.5 7 7.5
      vertex 88.0729 7 21.8729
      vertex 88.4277 7 21.7748
    endloop
  endfacet
  facet normal 0 1 0
    outer loop
      vertex 27.1201 7 22.1209
      vertex 5 7 7.5
      vertex 26.7767 7 21.9884
    endloop
  endfacet
  facet normal 0 1 0
    outer loop
      vertex 109.5 7 7.5
      vertex 88.4277 7 21.7748
      vertex 88.7868 7 21.6941
    endloop
  endfacet
  facet normal 0 1 0
    outer loop
      vertex 26.7767 7 21.9884
      vertex 5 7 7.5
      vertex 26.4271 7 21.8729
    endloop
  endfacet
  facet normal 0 1 0
    outer loop
      vertex 109.5 7 7.5
      vertex 88.7868 7 21.6941
      vertex 89.1495 7 21.6312
    endloop
  endfacet
  facet normal 0 1 0
    outer loop
      vertex 26.4271 7 21.8729
      vertex 5 7 7.5
      vertex 26.0723 7 21.7748
    endloop
  endfacet
  facet normal 0 1 0
    outer loop
      vertex 109.5 7 7.5
      vertex 89.1495 7 21.6312
      vertex 89.5149 7 21.5861
    endloop
  endfacet
  facet normal 0 1 0
    outer loop
      vertex 26.0723 7 21.7748
      vertex 5 7 7.5
      vertex 25.7132 7 21.6941
    endloop
  endfacet
  facet normal 0 1 0
    outer loop
      vertex 109.5 7 7.5
      vertex 89.5149 7 21.5861
      vertex 89.882 7 21.559
    endloop
  endfacet
  facet normal 0 1 0
    outer loop
      vertex 25.7132 7 21.6941
      vertex 5 7 7.5
      vertex 25.3505 7 21.6312
    endloop
  endfacet
  facet normal 0 1 0
    outer loop
      vertex 109.5 7 7.5
      vertex 89.882 7 21.559
      vertex 90.25 7 21.55
    endloop
  endfacet
  facet normal 0 1 0
    outer loop
      vertex 25.3505 7 21.6312
      vertex 5 7 7.5
      vertex 24.9851 7 21.5861
    endloop
  endfacet
  facet normal 0 1 0
    outer loop
      vertex 89.882 7 36.541
      vertex 109.5 7 58.1
      vertex 90.25 7 36.55
    endloop
  endfacet
  facet normal 0 1 0
    outer loop
      vertex 109.5 7 58.1
      vertex 90.618 7 36.541
      vertex 90.25 7 36.55
    endloop
  endfacet
  facet normal 0 1 0
    outer loop
      vertex 109.5 7 58.1
      vertex 90.9851 7 36.5139
      vertex 90.618 7 36.541
    endloop
  endfacet
  facet normal 0 1 0
    outer loop
      vertex 109.5 7 58.1
      vertex 91.3505 7 36.4688
      vertex 90.9851 7 36.5139
    endloop
  endfacet
  facet normal 0 1 0
    outer loop
      vertex 109.5 7 58.1
      vertex 91.7132 7 36.4059
      vertex 91.3505 7 36.4688
    endloop
  endfacet
  facet normal 0 1 0
    outer loop
      vertex 109.5 7 58.1
      vertex 92.0723 7 36.3252
      vertex 91.7132 7 36.4059
    endloop
  endfacet
  facet normal 0 1 0
    outer loop
      vertex 109.5 7 58.1
      vertex 92.4271 7 36.2271
      vertex 92.0723 7 36.3252
    endloop
  endfacet
  facet normal 0 1 0
    outer loop
      vertex 109.5 7 58.1
      vertex 92.7767 7 36.1116
      vertex 92.4271 7 36.2271
    endloop
  endfacet
  facet normal 0 1 0
    outer loop
      vertex 109.5 7 58.1
      vertex 93.1201 7 35.9791
      vertex 92.7767 7 36.1116
    endloop
  endfacet
  facet normal 0 1 0
    outer loop
      vertex 109.5 7 58.1
      vertex 93.4567 7 35.8299
      vertex 93.1201 7 35.9791
    endloop
  endfacet
  facet normal 0 1 0
    outer loop
      vertex 109.5 7 58.1
      vertex 93.7855 7 35.6644
      vertex 93.4567 7 35.8299
    endloop
  endfacet
  facet normal 0 1 0
    outer loop
      vertex 109.5 7 58.1
      vertex 94.1058 7 35.483
      vertex 93.7855 7 35.6644
    endloop
  endfacet
  facet normal 0 1 0
    outer loop
      vertex 109.5 7 58.1
      vertex 94.4168 7 35.286
      vertex 94.1058 7 35.483
    endloop
  endfacet
  facet normal 0 1 0
    outer loop
      vertex 109.5 7 58.1
      vertex 94.7177 7 35.0741
      vertex 94.4168 7 35.286
    endloop
  endfacet
  facet normal 0 1 0
    outer loop
      vertex 109.5 7 58.1
      vertex 95.0079 7 34.8476
      vertex 94.7177 7 35.0741
    endloop
  endfacet
  facet normal 0 1 0
    outer loop
      vertex 109.5 7 58.1
      vertex 95.2867 7 34.6071
      vertex 95.0079 7 34.8476
    endloop
  endfacet
  facet normal 0 1 0
    outer loop
      vertex 109.5 7 58.1
      vertex 95.5533 7 34.3533
      vertex 95.2867 7 34.6071
    endloop
  endfacet
  facet normal 0 1 0
    outer loop
      vertex 109.5 7 58.1
      vertex 95.8071 7 34.0867
      vertex 95.5533 7 34.3533
    endloop
  endfacet
  facet normal 0 1 0
    outer loop
      vertex 109.5 7 58.1
      vertex 96.0476 7 33.8079
      vertex 95.8071 7 34.0867
    endloop
  endfacet
  facet normal 0 1 0
    outer loop
      vertex 109.5 7 58.1
      vertex 96.2741 7 33.5177
      vertex 96.0476 7 33.8079
    endloop
  endfacet
  facet normal 0 1 0
    outer loop
      vertex 109.5 7 58.1
      vertex 96.486 7 33.2168
      vertex 96.2741 7 33.5177
    endloop
  endfacet
  facet normal 0 1 0
    outer loop
      vertex 109.5 7 58.1
      vertex 96.683 7 32.9058
      vertex 96.486 7 33.2168
    endloop
  endfacet
  facet normal 0 1 0
    outer loop
      vertex 109.5 7 58.1
      vertex 96.8644 7 32.5855
      vertex 96.683 7 32.9058
    endloop
  endfacet
  facet normal 0 1 0
    outer loop
      vertex 109.5 7 58.1
      vertex 97.0299 7 32.2567
      vertex 96.8644 7 32.5855
    endloop
  endfacet
  facet normal 0 1 0
    outer loop
      vertex 109.5 7 58.1
      vertex 97.1791 7 31.9201
      vertex 97.0299 7 32.2567
    endloop
  endfacet
  facet normal 0 1 0
    outer loop
      vertex 109.5 7 58.1
      vertex 97.3116 7 31.5767
      vertex 97.1791 7 31.9201
    endloop
  endfacet
  facet normal 0 1 0
    outer loop
      vertex 109.5 7 58.1
      vertex 97.4271 7 31.2271
      vertex 97.3116 7 31.5767
    endloop
  endfacet
  facet normal 0 1 0
    outer loop
      vertex 109.5 7 58.1
      vertex 97.5252 7 30.8724
      vertex 97.4271 7 31.2271
    endloop
  endfacet
  facet normal 0 1 0
    outer loop
      vertex 109.5 7 58.1
      vertex 97.6059 7 30.5132
      vertex 97.5252 7 30.8724
    endloop
  endfacet
  facet normal 0 1 0
    outer loop
      vertex 109.5 7 58.1
      vertex 97.6688 7 30.1505
      vertex 97.6059 7 30.5132
    endloop
  endfacet
  facet normal 0 1 0
    outer loop
      vertex 109.5 7 58.1
      vertex 97.7139 7 29.7851
      vertex 97.6688 7 30.1505
    endloop
  endfacet
  facet normal 0 1 -0
    outer loop
      vertex 109.5 7 7.5
      vertex 97.7139 7 29.7851
      vertex 109.5 7 58.1
    endloop
  endfacet
  facet normal 0 1 0
    outer loop
      vertex 97.7139 7 29.7851
      vertex 109.5 7 7.5
      vertex 97.741 7 29.418
    endloop
  endfacet
  facet normal 0 1 0
    outer loop
      vertex 97.741 7 29.418
      vertex 109.5 7 7.5
      vertex 97.75 7 29.05
    endloop
  endfacet
  facet normal 0 1 0
    outer loop
      vertex 97.75 7 29.05
      vertex 109.5 7 7.5
      vertex 97.741 7 28.682
    endloop
  endfacet
  facet normal 0 1 0
    outer loop
      vertex 97.741 7 28.682
      vertex 109.5 7 7.5
      vertex 97.7139 7 28.3149
    endloop
  endfacet
  facet normal 0 1 0
    outer loop
      vertex 97.7139 7 28.3149
      vertex 109.5 7 7.5
      vertex 97.6688 7 27.9495
    endloop
  endfacet
  facet normal 0 1 0
    outer loop
      vertex 97.6688 7 27.9495
      vertex 109.5 7 7.5
      vertex 97.6059 7 27.5868
    endloop
  endfacet
  facet normal 0 1 0
    outer loop
      vertex 97.6059 7 27.5868
      vertex 109.5 7 7.5
      vertex 97.5252 7 27.2276
    endloop
  endfacet
  facet normal 0 1 0
    outer loop
      vertex 97.5252 7 27.2276
      vertex 109.5 7 7.5
      vertex 97.4271 7 26.8729
    endloop
  endfacet
  facet normal 0 1 0
    outer loop
      vertex 97.4271 7 26.8729
      vertex 109.5 7 7.5
      vertex 97.3116 7 26.5233
    endloop
  endfacet
  facet normal 0 1 0
    outer loop
      vertex 24.9851 7 21.5861
      vertex 5 7 7.5
      vertex 24.618 7 21.559
    endloop
  endfacet
  facet normal 0 1 0
    outer loop
      vertex 90.618 7 21.559
      vertex 109.5 7 7.5
      vertex 90.25 7 21.55
    endloop
  endfacet
  facet normal 0 1 0
    outer loop
      vertex 90.9851 7 21.5861
      vertex 109.5 7 7.5
      vertex 90.618 7 21.559
    endloop
  endfacet
  facet normal 0 1 0
    outer loop
      vertex 91.3505 7 21.6312
      vertex 109.5 7 7.5
      vertex 90.9851 7 21.5861
    endloop
  endfacet
  facet normal 0 1 0
    outer loop
      vertex 91.7132 7 21.6941
      vertex 109.5 7 7.5
      vertex 91.3505 7 21.6312
    endloop
  endfacet
  facet normal 0 1 0
    outer loop
      vertex 92.0723 7 21.7748
      vertex 109.5 7 7.5
      vertex 91.7132 7 21.6941
    endloop
  endfacet
  facet normal 0 1 0
    outer loop
      vertex 92.4271 7 21.8729
      vertex 109.5 7 7.5
      vertex 92.0723 7 21.7748
    endloop
  endfacet
  facet normal 0 1 0
    outer loop
      vertex 92.7767 7 21.9884
      vertex 109.5 7 7.5
      vertex 92.4271 7 21.8729
    endloop
  endfacet
  facet normal 0 1 0
    outer loop
      vertex 93.1201 7 22.1209
      vertex 109.5 7 7.5
      vertex 92.7767 7 21.9884
    endloop
  endfacet
  facet normal 0 1 0
    outer loop
      vertex 93.4567 7 22.2701
      vertex 109.5 7 7.5
      vertex 93.1201 7 22.1209
    endloop
  endfacet
  facet normal 0 1 0
    outer loop
      vertex 93.7855 7 22.4356
      vertex 109.5 7 7.5
      vertex 93.4567 7 22.2701
    endloop
  endfacet
  facet normal 0 1 0
    outer loop
      vertex 94.1058 7 22.617
      vertex 109.5 7 7.5
      vertex 93.7855 7 22.4356
    endloop
  endfacet
  facet normal 0 1 0
    outer loop
      vertex 94.4168 7 22.814
      vertex 109.5 7 7.5
      vertex 94.1058 7 22.617
    endloop
  endfacet
  facet normal 0 1 0
    outer loop
      vertex 94.7177 7 23.0259
      vertex 109.5 7 7.5
      vertex 94.4168 7 22.814
    endloop
  endfacet
  facet normal 0 1 0
    outer loop
      vertex 95.0079 7 23.2524
      vertex 109.5 7 7.5
      vertex 94.7177 7 23.0259
    endloop
  endfacet
  facet normal 0 1 0
    outer loop
      vertex 95.2867 7 23.4929
      vertex 109.5 7 7.5
      vertex 95.0079 7 23.2524
    endloop
  endfacet
  facet normal 0 1 0
    outer loop
      vertex 95.5533 7 23.7467
      vertex 109.5 7 7.5
      vertex 95.2867 7 23.4929
    endloop
  endfacet
  facet normal 0 1 0
    outer loop
      vertex 95.8071 7 24.0133
      vertex 109.5 7 7.5
      vertex 95.5533 7 23.7467
    endloop
  endfacet
  facet normal 0 1 0
    outer loop
      vertex 96.0476 7 24.292
      vertex 109.5 7 7.5
      vertex 95.8071 7 24.0133
    endloop
  endfacet
  facet normal 0 1 0
    outer loop
      vertex 96.2741 7 24.5823
      vertex 109.5 7 7.5
      vertex 96.0476 7 24.292
    endloop
  endfacet
  facet normal 0 1 0
    outer loop
      vertex 96.486 7 24.8832
      vertex 109.5 7 7.5
      vertex 96.2741 7 24.5823
    endloop
  endfacet
  facet normal 0 1 0
    outer loop
      vertex 96.683 7 25.1942
      vertex 109.5 7 7.5
      vertex 96.486 7 24.8832
    endloop
  endfacet
  facet normal 0 1 0
    outer loop
      vertex 96.8644 7 25.5145
      vertex 109.5 7 7.5
      vertex 96.683 7 25.1942
    endloop
  endfacet
  facet normal 0 1 0
    outer loop
      vertex 97.0299 7 25.8433
      vertex 109.5 7 7.5
      vertex 96.8644 7 25.5145
    endloop
  endfacet
  facet normal 0 1 0
    outer loop
      vertex 97.1791 7 26.1799
      vertex 109.5 7 7.5
      vertex 97.0299 7 25.8433
    endloop
  endfacet
  facet normal 0 1 0
    outer loop
      vertex 97.3116 7 26.5233
      vertex 109.5 7 7.5
      vertex 97.1791 7 26.1799
    endloop
  endfacet
  facet normal 0 1 0
    outer loop
      vertex 89.5149 7 36.5139
      vertex 109.5 7 58.1
      vertex 89.882 7 36.541
    endloop
  endfacet
  facet normal 0 1 -0
    outer loop
      vertex 23.882 7 36.541
      vertex 5 7 58.1
      vertex 24.25 7 36.55
    endloop
  endfacet
  facet normal 0 1 -0
    outer loop
      vertex 23.5149 7 36.5139
      vertex 5 7 58.1
      vertex 23.882 7 36.541
    endloop
  endfacet
  facet normal 0 1 -0
    outer loop
      vertex 23.1495 7 36.4688
      vertex 5 7 58.1
      vertex 23.5149 7 36.5139
    endloop
  endfacet
  facet normal 0 1 -0
    outer loop
      vertex 22.7868 7 36.4059
      vertex 5 7 58.1
      vertex 23.1495 7 36.4688
    endloop
  endfacet
  facet normal 0 1 -0
    outer loop
      vertex 22.4276 7 36.3252
      vertex 5 7 58.1
      vertex 22.7868 7 36.4059
    endloop
  endfacet
  facet normal 0 1 -0
    outer loop
      vertex 22.0729 7 36.2271
      vertex 5 7 58.1
      vertex 22.4276 7 36.3252
    endloop
  endfacet
  facet normal 0 1 -0
    outer loop
      vertex 21.7233 7 36.1116
      vertex 5 7 58.1
      vertex 22.0729 7 36.2271
    endloop
  endfacet
  facet normal 0 1 -0
    outer loop
      vertex 21.3799 7 35.9791
      vertex 5 7 58.1
      vertex 21.7233 7 36.1116
    endloop
  endfacet
  facet normal 0 1 -0
    outer loop
      vertex 21.0433 7 35.8299
      vertex 5 7 58.1
      vertex 21.3799 7 35.9791
    endloop
  endfacet
  facet normal 0 1 -0
    outer loop
      vertex 20.7145 7 35.6644
      vertex 5 7 58.1
      vertex 21.0433 7 35.8299
    endloop
  endfacet
  facet normal 0 1 -0
    outer loop
      vertex 20.3942 7 35.483
      vertex 5 7 58.1
      vertex 20.7145 7 35.6644
    endloop
  endfacet
  facet normal 0 1 -0
    outer loop
      vertex 20.0832 7 35.286
      vertex 5 7 58.1
      vertex 20.3942 7 35.483
    endloop
  endfacet
  facet normal 0 1 -0
    outer loop
      vertex 19.7823 7 35.0741
      vertex 5 7 58.1
      vertex 20.0832 7 35.286
    endloop
  endfacet
  facet normal 0 1 -0
    outer loop
      vertex 19.4921 7 34.8476
      vertex 5 7 58.1
      vertex 19.7823 7 35.0741
    endloop
  endfacet
  facet normal 0 1 -0
    outer loop
      vertex 19.2133 7 34.6071
      vertex 5 7 58.1
      vertex 19.4921 7 34.8476
    endloop
  endfacet
  facet normal 0 1 -0
    outer loop
      vertex 18.9467 7 34.3533
      vertex 5 7 58.1
      vertex 19.2133 7 34.6071
    endloop
  endfacet
  facet normal 0 1 -0
    outer loop
      vertex 18.6929 7 34.0867
      vertex 5 7 58.1
      vertex 18.9467 7 34.3533
    endloop
  endfacet
  facet normal 0 1 -0
    outer loop
      vertex 18.4524 7 33.8079
      vertex 5 7 58.1
      vertex 18.6929 7 34.0867
    endloop
  endfacet
  facet normal 0 1 -0
    outer loop
      vertex 18.2259 7 33.5177
      vertex 5 7 58.1
      vertex 18.4524 7 33.8079
    endloop
  endfacet
  facet normal 0 1 -0
    outer loop
      vertex 18.014 7 33.2168
      vertex 5 7 58.1
      vertex 18.2259 7 33.5177
    endloop
  endfacet
  facet normal 0 1 -0
    outer loop
      vertex 17.817 7 32.9058
      vertex 5 7 58.1
      vertex 18.014 7 33.2168
    endloop
  endfacet
  facet normal 0 1 -0
    outer loop
      vertex 17.6356 7 32.5855
      vertex 5 7 58.1
      vertex 17.817 7 32.9058
    endloop
  endfacet
  facet normal 0 1 -0
    outer loop
      vertex 17.4701 7 32.2567
      vertex 5 7 58.1
      vertex 17.6356 7 32.5855
    endloop
  endfacet
  facet normal 0 1 -0
    outer loop
      vertex 17.3209 7 31.9201
      vertex 5 7 58.1
      vertex 17.4701 7 32.2567
    endloop
  endfacet
  facet normal 0 1 -0
    outer loop
      vertex 17.1884 7 31.5767
      vertex 5 7 58.1
      vertex 17.3209 7 31.9201
    endloop
  endfacet
  facet normal 0 1 -0
    outer loop
      vertex 17.0729 7 31.2271
      vertex 5 7 58.1
      vertex 17.1884 7 31.5767
    endloop
  endfacet
  facet normal 0 1 -0
    outer loop
      vertex 16.9748 7 30.8724
      vertex 5 7 58.1
      vertex 17.0729 7 31.2271
    endloop
  endfacet
  facet normal 0 1 -0
    outer loop
      vertex 16.8941 7 30.5132
      vertex 5 7 58.1
      vertex 16.9748 7 30.8724
    endloop
  endfacet
  facet normal 0 1 -0
    outer loop
      vertex 16.8312 7 30.1505
      vertex 5 7 58.1
      vertex 16.8941 7 30.5132
    endloop
  endfacet
  facet normal 0 1 -0
    outer loop
      vertex 16.7861 7 29.7851
      vertex 5 7 58.1
      vertex 16.8312 7 30.1505
    endloop
  endfacet
  facet normal 0 1 0
    outer loop
      vertex 5 7 7.5
      vertex 16.7861 7 29.7851
      vertex 16.759 7 29.418
    endloop
  endfacet
  facet normal 0 1 0
    outer loop
      vertex 5 7 7.5
      vertex 16.759 7 29.418
      vertex 16.75 7 29.05
    endloop
  endfacet
  facet normal 0 1 0
    outer loop
      vertex 5 7 7.5
      vertex 16.75 7 29.05
      vertex 16.759 7 28.682
    endloop
  endfacet
  facet normal 0 1 0
    outer loop
      vertex 5 7 7.5
      vertex 16.759 7 28.682
      vertex 16.7861 7 28.3149
    endloop
  endfacet
  facet normal 0 1 0
    outer loop
      vertex 5 7 7.5
      vertex 16.7861 7 28.3149
      vertex 16.8312 7 27.9495
    endloop
  endfacet
  facet normal 0 1 0
    outer loop
      vertex 5 7 7.5
      vertex 16.8312 7 27.9495
      vertex 16.8941 7 27.5868
    endloop
  endfacet
  facet normal 0 1 0
    outer loop
      vertex 5 7 7.5
      vertex 16.8941 7 27.5868
      vertex 16.9748 7 27.2276
    endloop
  endfacet
  facet normal 0 1 0
    outer loop
      vertex 5 7 7.5
      vertex 16.9748 7 27.2276
      vertex 17.0729 7 26.8729
    endloop
  endfacet
  facet normal 0 1 0
    outer loop
      vertex 5 7 7.5
      vertex 17.0729 7 26.8729
      vertex 17.1884 7 26.5233
    endloop
  endfacet
  facet normal 0 1 0
    outer loop
      vertex 5 7 7.5
      vertex 17.1884 7 26.5233
      vertex 17.3209 7 26.1799
    endloop
  endfacet
  facet normal 0 1 0
    outer loop
      vertex 24.618 7 21.559
      vertex 5 7 7.5
      vertex 24.25 7 21.55
    endloop
  endfacet
  facet normal 0 1 0
    outer loop
      vertex 24.25 7 21.55
      vertex 5 7 7.5
      vertex 23.882 7 21.559
    endloop
  endfacet
  facet normal 0 1 0
    outer loop
      vertex 23.882 7 21.559
      vertex 5 7 7.5
      vertex 23.5149 7 21.5861
    endloop
  endfacet
  facet normal 0 1 0
    outer loop
      vertex 16.7861 7 29.7851
      vertex 5 7 7.5
      vertex 5 7 58.1
    endloop
  endfacet
  facet normal 0 1 0
    outer loop
      vertex 17.4701 7 25.8433
      vertex 5 7 7.5
      vertex 17.3209 7 26.1799
    endloop
  endfacet
  facet normal 0 1 0
    outer loop
      vertex 17.6356 7 25.5145
      vertex 5 7 7.5
      vertex 17.4701 7 25.8433
    endloop
  endfacet
  facet normal 0 1 0
    outer loop
      vertex 17.817 7 25.1942
      vertex 5 7 7.5
      vertex 17.6356 7 25.5145
    endloop
  endfacet
  facet normal 0 1 0
    outer loop
      vertex 18.014 7 24.8832
      vertex 5 7 7.5
      vertex 17.817 7 25.1942
    endloop
  endfacet
  facet normal 0 1 0
    outer loop
      vertex 18.2259 7 24.5823
      vertex 5 7 7.5
      vertex 18.014 7 24.8832
    endloop
  endfacet
  facet normal 0 1 0
    outer loop
      vertex 18.4524 7 24.292
      vertex 5 7 7.5
      vertex 18.2259 7 24.5823
    endloop
  endfacet
  facet normal 0 1 0
    outer loop
      vertex 18.6929 7 24.0133
      vertex 5 7 7.5
      vertex 18.4524 7 24.292
    endloop
  endfacet
  facet normal 0 1 0
    outer loop
      vertex 18.9467 7 23.7467
      vertex 5 7 7.5
      vertex 18.6929 7 24.0133
    endloop
  endfacet
  facet normal 0 1 0
    outer loop
      vertex 19.2133 7 23.4929
      vertex 5 7 7.5
      vertex 18.9467 7 23.7467
    endloop
  endfacet
  facet normal 0 1 0
    outer loop
      vertex 19.4921 7 23.2524
      vertex 5 7 7.5
      vertex 19.2133 7 23.4929
    endloop
  endfacet
  facet normal 0 1 0
    outer loop
      vertex 19.7823 7 23.0259
      vertex 5 7 7.5
      vertex 19.4921 7 23.2524
    endloop
  endfacet
  facet normal 0 1 0
    outer loop
      vertex 20.0832 7 22.814
      vertex 5 7 7.5
      vertex 19.7823 7 23.0259
    endloop
  endfacet
  facet normal 0 1 0
    outer loop
      vertex 20.3942 7 22.617
      vertex 5 7 7.5
      vertex 20.0832 7 22.814
    endloop
  endfacet
  facet normal 0 1 0
    outer loop
      vertex 20.7145 7 22.4356
      vertex 5 7 7.5
      vertex 20.3942 7 22.617
    endloop
  endfacet
  facet normal 0 1 0
    outer loop
      vertex 21.0433 7 22.2701
      vertex 5 7 7.5
      vertex 20.7145 7 22.4356
    endloop
  endfacet
  facet normal 0 1 0
    outer loop
      vertex 21.3799 7 22.1209
      vertex 5 7 7.5
      vertex 21.0433 7 22.2701
    endloop
  endfacet
  facet normal 0 1 0
    outer loop
      vertex 21.7233 7 21.9884
      vertex 5 7 7.5
      vertex 21.3799 7 22.1209
    endloop
  endfacet
  facet normal 0 1 0
    outer loop
      vertex 22.0729 7 21.8729
      vertex 5 7 7.5
      vertex 21.7233 7 21.9884
    endloop
  endfacet
  facet normal 0 1 0
    outer loop
      vertex 22.4276 7 21.7748
      vertex 5 7 7.5
      vertex 22.0729 7 21.8729
    endloop
  endfacet
  facet normal 0 1 0
    outer loop
      vertex 22.7868 7 21.6941
      vertex 5 7 7.5
      vertex 22.4276 7 21.7748
    endloop
  endfacet
  facet normal 0 1 0
    outer loop
      vertex 23.1495 7 21.6312
      vertex 5 7 7.5
      vertex 22.7868 7 21.6941
    endloop
  endfacet
  facet normal 0 1 0
    outer loop
      vertex 23.5149 7 21.5861
      vertex 5 7 7.5
      vertex 23.1495 7 21.6312
    endloop
  endfacet
  facet normal 1 -0 0
    outer loop
      vertex 10 15.5 20
      vertex 10 18.5 7.5
      vertex 10 18.5 20
    endloop
  endfacet
  facet normal 1 0 0
    outer loop
      vertex 10 18.5 7.5
      vertex 10 15.5 20
      vertex 10 15.5 7.5
    endloop
  endfacet
  facet normal -0 0 1
    outer loop
      vertex 5 18.5 20
      vertex 10 15.5 20
      vertex 10 18.5 20
    endloop
  endfacet
  facet normal 0 0 1
    outer loop
      vertex 10 15.5 20
      vertex 5 18.5 20
      vertex 5 15.5 20
    endloop
  endfacet
  facet normal 0 -1 0
    outer loop
      vertex 5 15.5 7.5
      vertex 10 15.5 20
      vertex 5 15.5 20
    endloop
  endfacet
  facet normal 0 -1 -0
    outer loop
      vertex 10 15.5 20
      vertex 5 15.5 7.5
      vertex 10 15.5 7.5
    endloop
  endfacet
  facet normal -0 0 1
    outer loop
      vertex 104.5 18.5 20
      vertex 109.5 15.5 20
      vertex 109.5 18.5 20
    endloop
  endfacet
  facet normal 0 0 1
    outer loop
      vertex 109.5 15.5 20
      vertex 104.5 18.5 20
      vertex 104.5 15.5 20
    endloop
  endfacet
  facet normal -1 0 0
    outer loop
      vertex 104.5 15.5 7.5
      vertex 104.5 18.5 20
      vertex 104.5 18.5 7.5
    endloop
  endfacet
  facet normal -1 -0 0
    outer loop
      vertex 104.5 18.5 20
      vertex 104.5 15.5 7.5
      vertex 104.5 15.5 20
    endloop
  endfacet
  facet normal 0 -1 0
    outer loop
      vertex 104.5 15.5 7.5
      vertex 109.5 15.5 20
      vertex 104.5 15.5 20
    endloop
  endfacet
  facet normal 0 -1 -0
    outer loop
      vertex 109.5 15.5 20
      vertex 104.5 15.5 7.5
      vertex 109.5 15.5 7.5
    endloop
  endfacet
  facet normal -0.949522 0 0.313701
    outer loop
      vertex 31.3116 2 26.5233
      vertex 31.4271 7 26.8729
      vertex 31.3116 7 26.5233
    endloop
  endfacet
  facet normal -0.949522 0 0.313701
    outer loop
      vertex 31.4271 7 26.8729
      vertex 31.3116 2 26.5233
      vertex 31.4271 2 26.8729
    endloop
  endfacet
  facet normal -0.266495 0 -0.963836
    outer loop
      vertex 26.0723 2 36.3252
      vertex 26.4271 7 36.2271
      vertex 26.4271 2 36.2271
    endloop
  endfacet
  facet normal -0.266495 0 -0.963836
    outer loop
      vertex 26.4271 7 36.2271
      vertex 26.0723 2 36.3252
      vertex 26.0723 7 36.3252
    endloop
  endfacet
  facet normal -0.997286 0 -0.0736215
    outer loop
      vertex 31.741 2 29.418
      vertex 31.7139 7 29.7851
      vertex 31.741 7 29.418
    endloop
  endfacet
  facet normal -0.997286 -0 -0.0736215
    outer loop
      vertex 31.7139 7 29.7851
      vertex 31.741 2 29.418
      vertex 31.7139 2 29.7851
    endloop
  endfacet
  facet normal -0.999701 0 -0.0244492
    outer loop
      vertex 31.75 2 29.05
      vertex 31.741 7 29.418
      vertex 31.75 7 29.05
    endloop
  endfacet
  facet normal -0.999701 -0 -0.0244492
    outer loop
      vertex 31.741 7 29.418
      vertex 31.75 2 29.05
      vertex 31.741 2 29.418
    endloop
  endfacet
  facet normal -0.535117 0 -0.844778
    outer loop
      vertex 28.1058 2 35.483
      vertex 28.4168 7 35.286
      vertex 28.4168 2 35.286
    endloop
  endfacet
  facet normal -0.535117 0 -0.844778
    outer loop
      vertex 28.4168 7 35.286
      vertex 28.1058 2 35.483
      vertex 28.1058 7 35.483
    endloop
  endfacet
  facet normal 0.817607 -0 0.575776
    outer loop
      vertex 18.014 2 24.8832
      vertex 18.2259 7 24.5823
      vertex 18.014 7 24.8832
    endloop
  endfacet
  facet normal 0.817607 0 0.575776
    outer loop
      vertex 18.2259 7 24.5823
      vertex 18.014 2 24.8832
      vertex 18.2259 2 24.5823
    endloop
  endfacet
  facet normal -0.653181 0 -0.757202
    outer loop
      vertex 29.0079 2 34.8476
      vertex 29.2867 7 34.6071
      vertex 29.2867 2 34.6071
    endloop
  endfacet
  facet normal -0.653181 0 -0.757202
    outer loop
      vertex 29.2867 7 34.6071
      vertex 29.0079 2 34.8476
      vertex 29.0079 7 34.8476
    endloop
  endfacet
  facet normal -0.0736215 0 0.997286
    outer loop
      vertex 24.618 7 21.559
      vertex 24.9851 2 21.5861
      vertex 24.9851 7 21.5861
    endloop
  endfacet
  facet normal -0.0736215 0 0.997286
    outer loop
      vertex 24.9851 2 21.5861
      vertex 24.618 7 21.559
      vertex 24.618 2 21.559
    endloop
  endfacet
  facet normal 0.575776 0 -0.817607
    outer loop
      vertex 19.7823 2 35.0741
      vertex 20.0832 7 35.286
      vertex 20.0832 2 35.286
    endloop
  endfacet
  facet normal 0.575776 0 -0.817607
    outer loop
      vertex 20.0832 7 35.286
      vertex 19.7823 2 35.0741
      vertex 19.7823 7 35.0741
    endloop
  endfacet
  facet normal 0.689506 0 -0.72428
    outer loop
      vertex 18.9467 2 34.3533
      vertex 19.2133 7 34.6071
      vertex 19.2133 2 34.6071
    endloop
  endfacet
  facet normal 0.689506 0 -0.72428
    outer loop
      vertex 19.2133 7 34.6071
      vertex 18.9467 2 34.3533
      vertex 18.9467 7 34.3533
    endloop
  endfacet
  facet normal 0.219202 0 -0.97568
    outer loop
      vertex 22.4276 2 36.3252
      vertex 22.7868 7 36.4059
      vertex 22.7868 2 36.4059
    endloop
  endfacet
  facet normal 0.219202 0 -0.97568
    outer loop
      vertex 22.7868 7 36.4059
      vertex 22.4276 2 36.3252
      vertex 22.4276 7 36.3252
    endloop
  endfacet
  facet normal -0.97568 0 0.219202
    outer loop
      vertex 31.5252 2 27.2276
      vertex 31.6059 7 27.5868
      vertex 31.5252 7 27.2276
    endloop
  endfacet
  facet normal -0.97568 0 0.219202
    outer loop
      vertex 31.6059 7 27.5868
      vertex 31.5252 2 27.2276
      vertex 31.6059 2 27.5868
    endloop
  endfacet
  facet normal -0.4928 0 0.870143
    outer loop
      vertex 27.7855 7 22.4356
      vertex 28.1058 2 22.617
      vertex 28.1058 7 22.617
    endloop
  endfacet
  facet normal -0.4928 0 0.870143
    outer loop
      vertex 28.1058 2 22.617
      vertex 27.7855 7 22.4356
      vertex 27.7855 2 22.4356
    endloop
  endfacet
  facet normal 0.615275 0 -0.788313
    outer loop
      vertex 19.4921 2 34.8476
      vertex 19.7823 7 35.0741
      vertex 19.7823 2 35.0741
    endloop
  endfacet
  facet normal 0.615275 0 -0.788313
    outer loop
      vertex 19.7823 7 35.0741
      vertex 19.4921 2 34.8476
      vertex 19.4921 7 34.8476
    endloop
  endfacet
  facet normal -0.689506 0 -0.72428
    outer loop
      vertex 29.2867 2 34.6071
      vertex 29.5533 7 34.3533
      vertex 29.5533 2 34.3533
    endloop
  endfacet
  facet normal -0.689506 0 -0.72428
    outer loop
      vertex 29.5533 7 34.3533
      vertex 29.2867 2 34.6071
      vertex 29.2867 7 34.6071
    endloop
  endfacet
  facet normal -0.0736215 0 -0.997286
    outer loop
      vertex 24.618 2 36.541
      vertex 24.9851 7 36.5139
      vertex 24.9851 2 36.5139
    endloop
  endfacet
  facet normal -0.0736215 0 -0.997286
    outer loop
      vertex 24.9851 7 36.5139
      vertex 24.618 2 36.541
      vertex 24.618 7 36.541
    endloop
  endfacet
  facet normal 0.870143 -0 0.4928
    outer loop
      vertex 17.6356 2 25.5145
      vertex 17.817 7 25.1942
      vertex 17.6356 7 25.5145
    endloop
  endfacet
  facet normal 0.870143 0 0.4928
    outer loop
      vertex 17.817 7 25.1942
      vertex 17.6356 2 25.5145
      vertex 17.817 2 25.1942
    endloop
  endfacet
  facet normal 0.997286 0 -0.0736215
    outer loop
      vertex 16.7861 2 29.7851
      vertex 16.759 7 29.418
      vertex 16.7861 7 29.7851
    endloop
  endfacet
  facet normal 0.997286 0 -0.0736215
    outer loop
      vertex 16.759 7 29.418
      vertex 16.7861 2 29.7851
      vertex 16.759 2 29.418
    endloop
  endfacet
  facet normal 0.405231 0 0.914214
    outer loop
      vertex 21.0433 7 22.2701
      vertex 21.3799 2 22.1209
      vertex 21.3799 7 22.1209
    endloop
  endfacet
  facet normal 0.405231 0 0.914214
    outer loop
      vertex 21.3799 2 22.1209
      vertex 21.0433 7 22.2701
      vertex 21.0433 2 22.2701
    endloop
  endfacet
  facet normal -0.992469 0 -0.122497
    outer loop
      vertex 31.7139 2 29.7851
      vertex 31.6688 7 30.1505
      vertex 31.7139 7 29.7851
    endloop
  endfacet
  facet normal -0.992469 -0 -0.122497
    outer loop
      vertex 31.6688 7 30.1505
      vertex 31.7139 2 29.7851
      vertex 31.6688 2 30.1505
    endloop
  endfacet
  facet normal -0.170871 0 0.985293
    outer loop
      vertex 25.3505 7 21.6312
      vertex 25.7132 2 21.6941
      vertex 25.7132 7 21.6941
    endloop
  endfacet
  facet normal -0.170871 0 0.985293
    outer loop
      vertex 25.7132 2 21.6941
      vertex 25.3505 7 21.6312
      vertex 25.3505 2 21.6312
    endloop
  endfacet
  facet normal -0.615275 0 -0.788313
    outer loop
      vertex 28.7177 2 35.0741
      vertex 29.0079 7 34.8476
      vertex 29.0079 2 34.8476
    endloop
  endfacet
  facet normal -0.615275 0 -0.788313
    outer loop
      vertex 29.0079 7 34.8476
      vertex 28.7177 2 35.0741
      vertex 28.7177 7 35.0741
    endloop
  endfacet
  facet normal 0.914214 -0 0.405231
    outer loop
      vertex 17.3209 2 26.1799
      vertex 17.4701 7 25.8433
      vertex 17.3209 7 26.1799
    endloop
  endfacet
  facet normal 0.914214 0 0.405231
    outer loop
      vertex 17.4701 7 25.8433
      vertex 17.3209 2 26.1799
      vertex 17.4701 2 25.8433
    endloop
  endfacet
  facet normal 0.893229 -0 0.449603
    outer loop
      vertex 17.4701 2 25.8433
      vertex 17.6356 7 25.5145
      vertex 17.4701 7 25.8433
    endloop
  endfacet
  facet normal 0.893229 0 0.449603
    outer loop
      vertex 17.6356 7 25.5145
      vertex 17.4701 2 25.8433
      vertex 17.6356 2 25.5145
    endloop
  endfacet
  facet normal 0.405231 0 -0.914214
    outer loop
      vertex 21.0433 2 35.8299
      vertex 21.3799 7 35.9791
      vertex 21.3799 2 35.9791
    endloop
  endfacet
  facet normal 0.405231 0 -0.914214
    outer loop
      vertex 21.3799 7 35.9791
      vertex 21.0433 2 35.8299
      vertex 21.0433 7 35.8299
    endloop
  endfacet
  facet normal -0.844778 0 0.535117
    outer loop
      vertex 30.486 2 24.8832
      vertex 30.683 7 25.1942
      vertex 30.486 7 24.8832
    endloop
  endfacet
  facet normal -0.844778 0 0.535117
    outer loop
      vertex 30.683 7 25.1942
      vertex 30.486 2 24.8832
      vertex 30.683 2 25.1942
    endloop
  endfacet
  facet normal -0.914214 0 -0.405231
    outer loop
      vertex 31.1791 2 31.9201
      vertex 31.0299 7 32.2567
      vertex 31.1791 7 31.9201
    endloop
  endfacet
  facet normal -0.914214 -0 -0.405231
    outer loop
      vertex 31.0299 7 32.2567
      vertex 31.1791 2 31.9201
      vertex 31.0299 2 32.2567
    endloop
  endfacet
  facet normal -0.615275 0 0.788313
    outer loop
      vertex 28.7177 7 23.0259
      vertex 29.0079 2 23.2524
      vertex 29.0079 7 23.2524
    endloop
  endfacet
  facet normal -0.615275 0 0.788313
    outer loop
      vertex 29.0079 2 23.2524
      vertex 28.7177 7 23.0259
      vertex 28.7177 2 23.0259
    endloop
  endfacet
  facet normal -0.4928 0 -0.870143
    outer loop
      vertex 27.7855 2 35.6644
      vertex 28.1058 7 35.483
      vertex 28.1058 2 35.483
    endloop
  endfacet
  facet normal -0.4928 0 -0.870143
    outer loop
      vertex 28.1058 7 35.483
      vertex 27.7855 2 35.6644
      vertex 27.7855 7 35.6644
    endloop
  endfacet
  facet normal -0.97568 0 -0.219202
    outer loop
      vertex 31.6059 2 30.5132
      vertex 31.5252 7 30.8724
      vertex 31.6059 7 30.5132
    endloop
  endfacet
  facet normal -0.97568 -0 -0.219202
    outer loop
      vertex 31.5252 7 30.8724
      vertex 31.6059 2 30.5132
      vertex 31.5252 2 30.8724
    endloop
  endfacet
  facet normal 0.219202 0 0.97568
    outer loop
      vertex 22.4276 7 21.7748
      vertex 22.7868 2 21.6941
      vertex 22.7868 7 21.6941
    endloop
  endfacet
  facet normal 0.219202 0 0.97568
    outer loop
      vertex 22.7868 2 21.6941
      vertex 22.4276 7 21.7748
      vertex 22.4276 2 21.7748
    endloop
  endfacet
  facet normal -0.35998 0 0.93296
    outer loop
      vertex 26.7767 7 21.9884
      vertex 27.1201 2 22.1209
      vertex 27.1201 7 22.1209
    endloop
  endfacet
  facet normal -0.35998 0 0.93296
    outer loop
      vertex 27.1201 2 22.1209
      vertex 26.7767 7 21.9884
      vertex 26.7767 2 21.9884
    endloop
  endfacet
  facet normal -0.405231 0 -0.914214
    outer loop
      vertex 27.1201 2 35.9791
      vertex 27.4567 7 35.8299
      vertex 27.4567 2 35.8299
    endloop
  endfacet
  facet normal -0.405231 0 -0.914214
    outer loop
      vertex 27.4567 7 35.8299
      vertex 27.1201 2 35.9791
      vertex 27.1201 7 35.9791
    endloop
  endfacet
  facet normal 0.266565 0 0.963817
    outer loop
      vertex 22.0729 7 21.8729
      vertex 22.4276 2 21.7748
      vertex 22.4276 7 21.7748
    endloop
  endfacet
  facet normal 0.266565 0 0.963817
    outer loop
      vertex 22.4276 2 21.7748
      vertex 22.0729 7 21.8729
      vertex 22.0729 2 21.8729
    endloop
  endfacet
  facet normal 0.170871 0 -0.985293
    outer loop
      vertex 22.7868 2 36.4059
      vertex 23.1495 7 36.4688
      vertex 23.1495 2 36.4688
    endloop
  endfacet
  facet normal 0.170871 0 -0.985293
    outer loop
      vertex 23.1495 7 36.4688
      vertex 22.7868 2 36.4059
      vertex 22.7868 7 36.4059
    endloop
  endfacet
  facet normal -0.449603 0 0.893229
    outer loop
      vertex 27.4567 7 22.2701
      vertex 27.7855 2 22.4356
      vertex 27.7855 7 22.4356
    endloop
  endfacet
  facet normal -0.449603 0 0.893229
    outer loop
      vertex 27.7855 2 22.4356
      vertex 27.4567 7 22.2701
      vertex 27.4567 2 22.2701
    endloop
  endfacet
  facet normal 0.93296 -0 0.35998
    outer loop
      vertex 17.1884 2 26.5233
      vertex 17.3209 7 26.1799
      vertex 17.1884 7 26.5233
    endloop
  endfacet
  facet normal 0.93296 0 0.35998
    outer loop
      vertex 17.3209 7 26.1799
      vertex 17.1884 2 26.5233
      vertex 17.3209 2 26.1799
    endloop
  endfacet
  facet normal -0.122497 0 -0.992469
    outer loop
      vertex 24.9851 2 36.5139
      vertex 25.3505 7 36.4688
      vertex 25.3505 2 36.4688
    endloop
  endfacet
  facet normal -0.122497 0 -0.992469
    outer loop
      vertex 25.3505 7 36.4688
      vertex 24.9851 2 36.5139
      vertex 24.9851 7 36.5139
    endloop
  endfacet
  facet normal -0.575776 0 0.817607
    outer loop
      vertex 28.4168 7 22.814
      vertex 28.7177 2 23.0259
      vertex 28.7177 7 23.0259
    endloop
  endfacet
  facet normal -0.575776 0 0.817607
    outer loop
      vertex 28.7177 2 23.0259
      vertex 28.4168 7 22.814
      vertex 28.4168 2 22.814
    endloop
  endfacet
  facet normal 0.72428 0 -0.689506
    outer loop
      vertex 18.9467 2 34.3533
      vertex 18.6929 7 34.0867
      vertex 18.9467 7 34.3533
    endloop
  endfacet
  facet normal 0.72428 0 -0.689506
    outer loop
      vertex 18.6929 7 34.0867
      vertex 18.9467 2 34.3533
      vertex 18.6929 2 34.0867
    endloop
  endfacet
  facet normal 0.997286 -0 0.0736215
    outer loop
      vertex 16.759 2 28.682
      vertex 16.7861 7 28.3149
      vertex 16.759 7 28.682
    endloop
  endfacet
  facet normal 0.997286 0 0.0736215
    outer loop
      vertex 16.7861 7 28.3149
      vertex 16.759 2 28.682
      vertex 16.7861 2 28.3149
    endloop
  endfacet
  facet normal 0.985293 -0 0.170871
    outer loop
      vertex 16.8312 2 27.9495
      vertex 16.8941 7 27.5868
      vertex 16.8312 7 27.9495
    endloop
  endfacet
  facet normal 0.985293 0 0.170871
    outer loop
      vertex 16.8941 7 27.5868
      vertex 16.8312 2 27.9495
      vertex 16.8941 2 27.5868
    endloop
  endfacet
  facet normal 0.35998 0 -0.93296
    outer loop
      vertex 21.3799 2 35.9791
      vertex 21.7233 7 36.1116
      vertex 21.7233 2 36.1116
    endloop
  endfacet
  facet normal 0.35998 0 -0.93296
    outer loop
      vertex 21.7233 7 36.1116
      vertex 21.3799 2 35.9791
      vertex 21.3799 7 35.9791
    endloop
  endfacet
  facet normal -0.963817 0 0.266565
    outer loop
      vertex 31.4271 2 26.8729
      vertex 31.5252 7 27.2276
      vertex 31.4271 7 26.8729
    endloop
  endfacet
  facet normal -0.963817 0 0.266565
    outer loop
      vertex 31.5252 7 27.2276
      vertex 31.4271 2 26.8729
      vertex 31.5252 2 27.2276
    endloop
  endfacet
  facet normal -0.870143 0 -0.4928
    outer loop
      vertex 30.8644 2 32.5855
      vertex 30.683 7 32.9058
      vertex 30.8644 7 32.5855
    endloop
  endfacet
  facet normal -0.870143 -0 -0.4928
    outer loop
      vertex 30.683 7 32.9058
      vertex 30.8644 2 32.5855
      vertex 30.683 2 32.9058
    endloop
  endfacet
  facet normal -0.997286 0 0.0736215
    outer loop
      vertex 31.7139 2 28.3149
      vertex 31.741 7 28.682
      vertex 31.7139 7 28.3149
    endloop
  endfacet
  facet normal -0.997286 0 0.0736215
    outer loop
      vertex 31.741 7 28.682
      vertex 31.7139 2 28.3149
      vertex 31.741 2 28.682
    endloop
  endfacet
  facet normal 0.122497 0 0.992469
    outer loop
      vertex 23.1495 7 21.6312
      vertex 23.5149 2 21.5861
      vertex 23.5149 7 21.5861
    endloop
  endfacet
  facet normal 0.122497 0 0.992469
    outer loop
      vertex 23.5149 2 21.5861
      vertex 23.1495 7 21.6312
      vertex 23.1495 2 21.6312
    endloop
  endfacet
  facet normal 0.653181 0 0.757202
    outer loop
      vertex 19.2133 7 23.4929
      vertex 19.4921 2 23.2524
      vertex 19.4921 7 23.2524
    endloop
  endfacet
  facet normal 0.653181 0 0.757202
    outer loop
      vertex 19.4921 2 23.2524
      vertex 19.2133 7 23.4929
      vertex 19.2133 2 23.4929
    endloop
  endfacet
  facet normal -0.893229 0 -0.449603
    outer loop
      vertex 31.0299 2 32.2567
      vertex 30.8644 7 32.5855
      vertex 31.0299 7 32.2567
    endloop
  endfacet
  facet normal -0.893229 -0 -0.449603
    outer loop
      vertex 30.8644 7 32.5855
      vertex 31.0299 2 32.2567
      vertex 30.8644 2 32.5855
    endloop
  endfacet
  facet normal 0.963817 0 -0.266565
    outer loop
      vertex 17.0729 2 31.2271
      vertex 16.9748 7 30.8724
      vertex 17.0729 7 31.2271
    endloop
  endfacet
  facet normal 0.963817 0 -0.266565
    outer loop
      vertex 16.9748 7 30.8724
      vertex 17.0729 2 31.2271
      vertex 16.9748 2 30.8724
    endloop
  endfacet
  facet normal 0.949522 -0 0.313701
    outer loop
      vertex 17.0729 2 26.8729
      vertex 17.1884 7 26.5233
      vertex 17.0729 7 26.8729
    endloop
  endfacet
  facet normal 0.949522 0 0.313701
    outer loop
      vertex 17.1884 7 26.5233
      vertex 17.0729 2 26.8729
      vertex 17.1884 2 26.5233
    endloop
  endfacet
  facet normal 0.0244492 0 0.999701
    outer loop
      vertex 23.882 7 21.559
      vertex 24.25 2 21.55
      vertex 24.25 7 21.55
    endloop
  endfacet
  facet normal 0.0244492 0 0.999701
    outer loop
      vertex 24.25 2 21.55
      vertex 23.882 7 21.559
      vertex 23.882 2 21.559
    endloop
  endfacet
  facet normal 0.449603 0 0.893229
    outer loop
      vertex 20.7145 7 22.4356
      vertex 21.0433 2 22.2701
      vertex 21.0433 7 22.2701
    endloop
  endfacet
  facet normal 0.449603 0 0.893229
    outer loop
      vertex 21.0433 2 22.2701
      vertex 20.7145 7 22.4356
      vertex 20.7145 2 22.4356
    endloop
  endfacet
  facet normal -0.449603 0 -0.893229
    outer loop
      vertex 27.4567 2 35.8299
      vertex 27.7855 7 35.6644
      vertex 27.7855 2 35.6644
    endloop
  endfacet
  facet normal -0.449603 0 -0.893229
    outer loop
      vertex 27.7855 7 35.6644
      vertex 27.4567 2 35.8299
      vertex 27.4567 7 35.8299
    endloop
  endfacet
  facet normal -0.266495 0 0.963836
    outer loop
      vertex 26.0723 7 21.7748
      vertex 26.4271 2 21.8729
      vertex 26.4271 7 21.8729
    endloop
  endfacet
  facet normal -0.266495 0 0.963836
    outer loop
      vertex 26.4271 2 21.8729
      vertex 26.0723 7 21.7748
      vertex 26.0723 2 21.7748
    endloop
  endfacet
  facet normal 0.313701 0 0.949522
    outer loop
      vertex 21.7233 7 21.9884
      vertex 22.0729 2 21.8729
      vertex 22.0729 7 21.8729
    endloop
  endfacet
  facet normal 0.313701 0 0.949522
    outer loop
      vertex 22.0729 2 21.8729
      vertex 21.7233 7 21.9884
      vertex 21.7233 2 21.9884
    endloop
  endfacet
  facet normal 0 1 0
    outer loop
      vertex 24.25 2 29.75
      vertex 24.25 2 36.55
      vertex 24.618 2 36.541
    endloop
  endfacet
  facet normal 0 1 0
    outer loop
      vertex 24.2843 2 29.7492
      vertex 24.618 2 36.541
      vertex 24.9851 2 36.5139
    endloop
  endfacet
  facet normal 0 1 0
    outer loop
      vertex 24.25 2 36.55
      vertex 24.25 2 29.75
      vertex 23.882 2 36.541
    endloop
  endfacet
  facet normal 0 1 0
    outer loop
      vertex 24.3186 2 29.7466
      vertex 24.9851 2 36.5139
      vertex 25.3505 2 36.4688
    endloop
  endfacet
  facet normal 0 1 -0
    outer loop
      vertex 24.2157 2 29.7492
      vertex 23.882 2 36.541
      vertex 24.25 2 29.75
    endloop
  endfacet
  facet normal 0 1 0
    outer loop
      vertex 24.3527 2 29.7424
      vertex 25.3505 2 36.4688
      vertex 25.7132 2 36.4059
    endloop
  endfacet
  facet normal 0 1 0
    outer loop
      vertex 23.882 2 36.541
      vertex 24.2157 2 29.7492
      vertex 23.5149 2 36.5139
    endloop
  endfacet
  facet normal 0 1 0
    outer loop
      vertex 24.3866 2 29.7365
      vertex 25.7132 2 36.4059
      vertex 26.0723 2 36.3252
    endloop
  endfacet
  facet normal 0 1 -0
    outer loop
      vertex 24.1814 2 29.7466
      vertex 23.5149 2 36.5139
      vertex 24.2157 2 29.7492
    endloop
  endfacet
  facet normal 0 1 0
    outer loop
      vertex 24.4201 2 29.729
      vertex 26.0723 2 36.3252
      vertex 26.4271 2 36.2271
    endloop
  endfacet
  facet normal 0 1 0
    outer loop
      vertex 23.5149 2 36.5139
      vertex 24.1814 2 29.7466
      vertex 23.1495 2 36.4688
    endloop
  endfacet
  facet normal 0 1 0
    outer loop
      vertex 24.4532 2 29.7199
      vertex 26.4271 2 36.2271
      vertex 26.7767 2 36.1116
    endloop
  endfacet
  facet normal 0 1 -0
    outer loop
      vertex 24.1473 2 29.7424
      vertex 23.1495 2 36.4688
      vertex 24.1814 2 29.7466
    endloop
  endfacet
  facet normal 0 1 0
    outer loop
      vertex 24.4858 2 29.7091
      vertex 26.7767 2 36.1116
      vertex 27.1201 2 35.9791
    endloop
  endfacet
  facet normal 0 1 0
    outer loop
      vertex 23.1495 2 36.4688
      vertex 24.1473 2 29.7424
      vertex 22.7868 2 36.4059
    endloop
  endfacet
  facet normal 0 1 0
    outer loop
      vertex 24.5179 2 29.6967
      vertex 27.1201 2 35.9791
      vertex 27.4567 2 35.8299
    endloop
  endfacet
  facet normal 0 1 -0
    outer loop
      vertex 24.1134 2 29.7365
      vertex 22.7868 2 36.4059
      vertex 24.1473 2 29.7424
    endloop
  endfacet
  facet normal 0 1 0
    outer loop
      vertex 24.5493 2 29.6828
      vertex 27.4567 2 35.8299
      vertex 27.7855 2 35.6644
    endloop
  endfacet
  facet normal 0 1 0
    outer loop
      vertex 22.7868 2 36.4059
      vertex 24.1134 2 29.7365
      vertex 22.4276 2 36.3252
    endloop
  endfacet
  facet normal 0 1 0
    outer loop
      vertex 24.58 2 29.6673
      vertex 27.7855 2 35.6644
      vertex 28.1058 2 35.483
    endloop
  endfacet
  facet normal 0 1 -0
    outer loop
      vertex 24.0799 2 29.729
      vertex 22.4276 2 36.3252
      vertex 24.1134 2 29.7365
    endloop
  endfacet
  facet normal 0 1 0
    outer loop
      vertex 24.6099 2 29.6504
      vertex 28.1058 2 35.483
      vertex 28.4168 2 35.286
    endloop
  endfacet
  facet normal 0 1 0
    outer loop
      vertex 22.4276 2 36.3252
      vertex 24.0799 2 29.729
      vertex 22.0729 2 36.2271
    endloop
  endfacet
  facet normal 0 1 0
    outer loop
      vertex 24.6389 2 29.632
      vertex 28.4168 2 35.286
      vertex 28.7177 2 35.0741
    endloop
  endfacet
  facet normal 0 1 -0
    outer loop
      vertex 24.0468 2 29.7199
      vertex 22.0729 2 36.2271
      vertex 24.0799 2 29.729
    endloop
  endfacet
  facet normal 0 1 0
    outer loop
      vertex 24.667 2 29.6122
      vertex 28.7177 2 35.0741
      vertex 29.0079 2 34.8476
    endloop
  endfacet
  facet normal 0 1 0
    outer loop
      vertex 22.0729 2 36.2271
      vertex 24.0468 2 29.7199
      vertex 21.7233 2 36.1116
    endloop
  endfacet
  facet normal 0 1 0
    outer loop
      vertex 24.6941 2 29.5911
      vertex 29.0079 2 34.8476
      vertex 29.2867 2 34.6071
    endloop
  endfacet
  facet normal 0 1 -0
    outer loop
      vertex 24.0142 2 29.7091
      vertex 21.7233 2 36.1116
      vertex 24.0468 2 29.7199
    endloop
  endfacet
  facet normal 0 1 0
    outer loop
      vertex 24.7201 2 29.5687
      vertex 29.2867 2 34.6071
      vertex 29.5533 2 34.3533
    endloop
  endfacet
  facet normal 0 1 0
    outer loop
      vertex 21.7233 2 36.1116
      vertex 24.0142 2 29.7091
      vertex 21.3799 2 35.9791
    endloop
  endfacet
  facet normal 0 1 0
    outer loop
      vertex 24.745 2 29.545
      vertex 29.5533 2 34.3533
      vertex 29.8071 2 34.0867
    endloop
  endfacet
  facet normal 0 1 -0
    outer loop
      vertex 23.9821 2 29.6967
      vertex 21.3799 2 35.9791
      vertex 24.0142 2 29.7091
    endloop
  endfacet
  facet normal 0 1 0
    outer loop
      vertex 24.7687 2 29.5201
      vertex 29.8071 2 34.0867
      vertex 30.0476 2 33.8079
    endloop
  endfacet
  facet normal 0 1 0
    outer loop
      vertex 21.3799 2 35.9791
      vertex 23.9821 2 29.6967
      vertex 21.0433 2 35.8299
    endloop
  endfacet
  facet normal 0 1 0
    outer loop
      vertex 24.7911 2 29.4941
      vertex 30.0476 2 33.8079
      vertex 30.2741 2 33.5177
    endloop
  endfacet
  facet normal 0 1 -0
    outer loop
      vertex 23.9507 2 29.6828
      vertex 21.0433 2 35.8299
      vertex 23.9821 2 29.6967
    endloop
  endfacet
  facet normal 0 1 0
    outer loop
      vertex 24.8122 2 29.467
      vertex 30.2741 2 33.5177
      vertex 30.486 2 33.2168
    endloop
  endfacet
  facet normal 0 1 0
    outer loop
      vertex 21.0433 2 35.8299
      vertex 23.9507 2 29.6828
      vertex 20.7145 2 35.6644
    endloop
  endfacet
  facet normal 0 1 0
    outer loop
      vertex 24.832 2 29.4389
      vertex 30.486 2 33.2168
      vertex 30.683 2 32.9058
    endloop
  endfacet
  facet normal 0 1 -0
    outer loop
      vertex 23.92 2 29.6673
      vertex 20.7145 2 35.6644
      vertex 23.9507 2 29.6828
    endloop
  endfacet
  facet normal 0 1 0
    outer loop
      vertex 24.8504 2 29.4099
      vertex 30.683 2 32.9058
      vertex 30.8644 2 32.5855
    endloop
  endfacet
  facet normal 0 1 0
    outer loop
      vertex 20.7145 2 35.6644
      vertex 23.92 2 29.6673
      vertex 20.3942 2 35.483
    endloop
  endfacet
  facet normal 0 1 0
    outer loop
      vertex 24.8673 2 29.38
      vertex 30.8644 2 32.5855
      vertex 31.0299 2 32.2567
    endloop
  endfacet
  facet normal 0 1 -0
    outer loop
      vertex 23.8901 2 29.6504
      vertex 20.3942 2 35.483
      vertex 23.92 2 29.6673
    endloop
  endfacet
  facet normal 0 1 0
    outer loop
      vertex 24.8828 2 29.3493
      vertex 31.0299 2 32.2567
      vertex 31.1791 2 31.9201
    endloop
  endfacet
  facet normal 0 1 0
    outer loop
      vertex 20.3942 2 35.483
      vertex 23.8901 2 29.6504
      vertex 20.0832 2 35.286
    endloop
  endfacet
  facet normal 0 1 0
    outer loop
      vertex 24.8967 2 29.3179
      vertex 31.1791 2 31.9201
      vertex 31.3116 2 31.5767
    endloop
  endfacet
  facet normal 0 1 -0
    outer loop
      vertex 23.8611 2 29.632
      vertex 20.0832 2 35.286
      vertex 23.8901 2 29.6504
    endloop
  endfacet
  facet normal 0 1 0
    outer loop
      vertex 24.9091 2 29.2858
      vertex 31.3116 2 31.5767
      vertex 31.4271 2 31.2271
    endloop
  endfacet
  facet normal 0 1 0
    outer loop
      vertex 20.0832 2 35.286
      vertex 23.8611 2 29.632
      vertex 19.7823 2 35.0741
    endloop
  endfacet
  facet normal 0 1 0
    outer loop
      vertex 24.9199 2 29.2532
      vertex 31.4271 2 31.2271
      vertex 31.5252 2 30.8724
    endloop
  endfacet
  facet normal 0 1 -0
    outer loop
      vertex 23.833 2 29.6122
      vertex 19.7823 2 35.0741
      vertex 23.8611 2 29.632
    endloop
  endfacet
  facet normal 0 1 0
    outer loop
      vertex 24.929 2 29.2201
      vertex 31.5252 2 30.8724
      vertex 31.6059 2 30.5132
    endloop
  endfacet
  facet normal 0 1 0
    outer loop
      vertex 19.7823 2 35.0741
      vertex 23.833 2 29.6122
      vertex 19.4921 2 34.8476
    endloop
  endfacet
  facet normal 0 1 0
    outer loop
      vertex 24.9366 2 29.1866
      vertex 31.6059 2 30.5132
      vertex 31.6688 2 30.1505
    endloop
  endfacet
  facet normal 0 1 -0
    outer loop
      vertex 23.8059 2 29.5911
      vertex 19.4921 2 34.8476
      vertex 23.833 2 29.6122
    endloop
  endfacet
  facet normal 0 1 0
    outer loop
      vertex 24.9424 2 29.1527
      vertex 31.6688 2 30.1505
      vertex 31.7139 2 29.7851
    endloop
  endfacet
  facet normal 0 1 0
    outer loop
      vertex 19.4921 2 34.8476
      vertex 23.8059 2 29.5911
      vertex 19.2133 2 34.6071
    endloop
  endfacet
  facet normal 0 1 -0
    outer loop
      vertex 23.7799 2 29.5687
      vertex 19.2133 2 34.6071
      vertex 23.8059 2 29.5911
    endloop
  endfacet
  facet normal 0 1 0
    outer loop
      vertex 24.618 2 36.541
      vertex 24.2843 2 29.7492
      vertex 24.25 2 29.75
    endloop
  endfacet
  facet normal 0 1 0
    outer loop
      vertex 24.9851 2 36.5139
      vertex 24.3186 2 29.7466
      vertex 24.2843 2 29.7492
    endloop
  endfacet
  facet normal 0 1 0
    outer loop
      vertex 25.3505 2 36.4688
      vertex 24.3527 2 29.7424
      vertex 24.3186 2 29.7466
    endloop
  endfacet
  facet normal 0 1 0
    outer loop
      vertex 25.7132 2 36.4059
      vertex 24.3866 2 29.7365
      vertex 24.3527 2 29.7424
    endloop
  endfacet
  facet normal 0 1 0
    outer loop
      vertex 26.0723 2 36.3252
      vertex 24.4201 2 29.729
      vertex 24.3866 2 29.7365
    endloop
  endfacet
  facet normal 0 1 0
    outer loop
      vertex 26.4271 2 36.2271
      vertex 24.4532 2 29.7199
      vertex 24.4201 2 29.729
    endloop
  endfacet
  facet normal 0 1 0
    outer loop
      vertex 26.7767 2 36.1116
      vertex 24.4858 2 29.7091
      vertex 24.4532 2 29.7199
    endloop
  endfacet
  facet normal 0 1 0
    outer loop
      vertex 27.1201 2 35.9791
      vertex 24.5179 2 29.6967
      vertex 24.4858 2 29.7091
    endloop
  endfacet
  facet normal 0 1 0
    outer loop
      vertex 27.4567 2 35.8299
      vertex 24.5493 2 29.6828
      vertex 24.5179 2 29.6967
    endloop
  endfacet
  facet normal 0 1 0
    outer loop
      vertex 27.7855 2 35.6644
      vertex 24.58 2 29.6673
      vertex 24.5493 2 29.6828
    endloop
  endfacet
  facet normal 0 1 0
    outer loop
      vertex 28.1058 2 35.483
      vertex 24.6099 2 29.6504
      vertex 24.58 2 29.6673
    endloop
  endfacet
  facet normal 0 1 0
    outer loop
      vertex 28.4168 2 35.286
      vertex 24.6389 2 29.632
      vertex 24.6099 2 29.6504
    endloop
  endfacet
  facet normal 0 1 0
    outer loop
      vertex 28.7177 2 35.0741
      vertex 24.667 2 29.6122
      vertex 24.6389 2 29.632
    endloop
  endfacet
  facet normal 0 1 0
    outer loop
      vertex 29.0079 2 34.8476
      vertex 24.6941 2 29.5911
      vertex 24.667 2 29.6122
    endloop
  endfacet
  facet normal 0 1 0
    outer loop
      vertex 29.2867 2 34.6071
      vertex 24.7201 2 29.5687
      vertex 24.6941 2 29.5911
    endloop
  endfacet
  facet normal 0 1 0
    outer loop
      vertex 29.5533 2 34.3533
      vertex 24.745 2 29.545
      vertex 24.7201 2 29.5687
    endloop
  endfacet
  facet normal 0 1 0
    outer loop
      vertex 29.8071 2 34.0867
      vertex 24.7687 2 29.5201
      vertex 24.745 2 29.545
    endloop
  endfacet
  facet normal 0 1 0
    outer loop
      vertex 30.0476 2 33.8079
      vertex 24.7911 2 29.4941
      vertex 24.7687 2 29.5201
    endloop
  endfacet
  facet normal 0 1 0
    outer loop
      vertex 30.2741 2 33.5177
      vertex 24.8122 2 29.467
      vertex 24.7911 2 29.4941
    endloop
  endfacet
  facet normal 0 1 0
    outer loop
      vertex 30.486 2 33.2168
      vertex 24.832 2 29.4389
      vertex 24.8122 2 29.467
    endloop
  endfacet
  facet normal 0 1 0
    outer loop
      vertex 24.9466 2 29.1186
      vertex 31.7139 2 29.7851
      vertex 31.741 2 29.418
    endloop
  endfacet
  facet normal 0 1 0
    outer loop
      vertex 30.683 2 32.9058
      vertex 24.8504 2 29.4099
      vertex 24.832 2 29.4389
    endloop
  endfacet
  facet normal 0 1 0
    outer loop
      vertex 30.8644 2 32.5855
      vertex 24.8673 2 29.38
      vertex 24.8504 2 29.4099
    endloop
  endfacet
  facet normal 0 1 0
    outer loop
      vertex 31.0299 2 32.2567
      vertex 24.8828 2 29.3493
      vertex 24.8673 2 29.38
    endloop
  endfacet
  facet normal 0 1 0
    outer loop
      vertex 31.1791 2 31.9201
      vertex 24.8967 2 29.3179
      vertex 24.8828 2 29.3493
    endloop
  endfacet
  facet normal 0 1 0
    outer loop
      vertex 31.3116 2 31.5767
      vertex 24.9091 2 29.2858
      vertex 24.8967 2 29.3179
    endloop
  endfacet
  facet normal 0 1 0
    outer loop
      vertex 31.4271 2 31.2271
      vertex 24.9199 2 29.2532
      vertex 24.9091 2 29.2858
    endloop
  endfacet
  facet normal 0 1 0
    outer loop
      vertex 31.5252 2 30.8724
      vertex 24.929 2 29.2201
      vertex 24.9199 2 29.2532
    endloop
  endfacet
  facet normal 0 1 0
    outer loop
      vertex 31.6059 2 30.5132
      vertex 24.9366 2 29.1866
      vertex 24.929 2 29.2201
    endloop
  endfacet
  facet normal 0 1 0
    outer loop
      vertex 31.6688 2 30.1505
      vertex 24.9424 2 29.1527
      vertex 24.9366 2 29.1866
    endloop
  endfacet
  facet normal 0 1 0
    outer loop
      vertex 31.7139 2 29.7851
      vertex 24.9466 2 29.1186
      vertex 24.9424 2 29.1527
    endloop
  endfacet
  facet normal 0 1 0
    outer loop
      vertex 31.741 2 29.418
      vertex 24.9492 2 29.0843
      vertex 24.9466 2 29.1186
    endloop
  endfacet
  facet normal 0 1 0
    outer loop
      vertex 31.75 2 29.05
      vertex 24.9492 2 29.0843
      vertex 31.741 2 29.418
    endloop
  endfacet
  facet normal 0 1 0
    outer loop
      vertex 31.75 2 29.05
      vertex 24.95 2 29.05
      vertex 24.9492 2 29.0843
    endloop
  endfacet
  facet normal 0 1 0
    outer loop
      vertex 31.75 2 29.05
      vertex 24.9492 2 29.0157
      vertex 24.95 2 29.05
    endloop
  endfacet
  facet normal 0 1 -0
    outer loop
      vertex 31.741 2 28.682
      vertex 24.9492 2 29.0157
      vertex 31.75 2 29.05
    endloop
  endfacet
  facet normal 0 1 0
    outer loop
      vertex 24.9492 2 29.0157
      vertex 31.741 2 28.682
      vertex 24.9466 2 28.9814
    endloop
  endfacet
  facet normal 0 1 -0
    outer loop
      vertex 31.7139 2 28.3149
      vertex 24.9466 2 28.9814
      vertex 31.741 2 28.682
    endloop
  endfacet
  facet normal 0 1 0
    outer loop
      vertex 24.9466 2 28.9814
      vertex 31.7139 2 28.3149
      vertex 24.9424 2 28.9473
    endloop
  endfacet
  facet normal 0 1 -0
    outer loop
      vertex 31.6688 2 27.9495
      vertex 24.9424 2 28.9473
      vertex 31.7139 2 28.3149
    endloop
  endfacet
  facet normal 0 1 0
    outer loop
      vertex 24.9424 2 28.9473
      vertex 31.6688 2 27.9495
      vertex 24.9366 2 28.9134
    endloop
  endfacet
  facet normal 0 1 -0
    outer loop
      vertex 31.6059 2 27.5868
      vertex 24.9366 2 28.9134
      vertex 31.6688 2 27.9495
    endloop
  endfacet
  facet normal 0 1 0
    outer loop
      vertex 24.9366 2 28.9134
      vertex 31.6059 2 27.5868
      vertex 24.929 2 28.8799
    endloop
  endfacet
  facet normal 0 1 -0
    outer loop
      vertex 31.5252 2 27.2276
      vertex 24.929 2 28.8799
      vertex 31.6059 2 27.5868
    endloop
  endfacet
  facet normal 0 1 0
    outer loop
      vertex 24.929 2 28.8799
      vertex 31.5252 2 27.2276
      vertex 24.9199 2 28.8468
    endloop
  endfacet
  facet normal 0 1 -0
    outer loop
      vertex 31.4271 2 26.8729
      vertex 24.9199 2 28.8468
      vertex 31.5252 2 27.2276
    endloop
  endfacet
  facet normal 0 1 0
    outer loop
      vertex 24.9199 2 28.8468
      vertex 31.4271 2 26.8729
      vertex 24.9091 2 28.8142
    endloop
  endfacet
  facet normal 0 1 -0
    outer loop
      vertex 31.3116 2 26.5233
      vertex 24.9091 2 28.8142
      vertex 31.4271 2 26.8729
    endloop
  endfacet
  facet normal 0 1 0
    outer loop
      vertex 24.9091 2 28.8142
      vertex 31.3116 2 26.5233
      vertex 24.8967 2 28.7821
    endloop
  endfacet
  facet normal 0 1 -0
    outer loop
      vertex 31.1791 2 26.1799
      vertex 24.8967 2 28.7821
      vertex 31.3116 2 26.5233
    endloop
  endfacet
  facet normal 0 1 0
    outer loop
      vertex 24.8967 2 28.7821
      vertex 31.1791 2 26.1799
      vertex 24.8828 2 28.7507
    endloop
  endfacet
  facet normal 0 1 -0
    outer loop
      vertex 31.0299 2 25.8433
      vertex 24.8828 2 28.7507
      vertex 31.1791 2 26.1799
    endloop
  endfacet
  facet normal 0 1 0
    outer loop
      vertex 24.8828 2 28.7507
      vertex 31.0299 2 25.8433
      vertex 24.8673 2 28.72
    endloop
  endfacet
  facet normal 0 1 -0
    outer loop
      vertex 30.8644 2 25.5145
      vertex 24.8673 2 28.72
      vertex 31.0299 2 25.8433
    endloop
  endfacet
  facet normal 0 1 0
    outer loop
      vertex 24.8673 2 28.72
      vertex 30.8644 2 25.5145
      vertex 24.8504 2 28.6901
    endloop
  endfacet
  facet normal 0 1 -0
    outer loop
      vertex 30.683 2 25.1942
      vertex 24.8504 2 28.6901
      vertex 30.8644 2 25.5145
    endloop
  endfacet
  facet normal 0 1 0
    outer loop
      vertex 24.8504 2 28.6901
      vertex 30.683 2 25.1942
      vertex 24.832 2 28.6611
    endloop
  endfacet
  facet normal 0 1 -0
    outer loop
      vertex 30.486 2 24.8832
      vertex 24.832 2 28.6611
      vertex 30.683 2 25.1942
    endloop
  endfacet
  facet normal 0 1 0
    outer loop
      vertex 24.832 2 28.6611
      vertex 30.486 2 24.8832
      vertex 24.8122 2 28.633
    endloop
  endfacet
  facet normal 0 1 -0
    outer loop
      vertex 30.2741 2 24.5823
      vertex 24.8122 2 28.633
      vertex 30.486 2 24.8832
    endloop
  endfacet
  facet normal 0 1 0
    outer loop
      vertex 24.8122 2 28.633
      vertex 30.2741 2 24.5823
      vertex 24.7911 2 28.6059
    endloop
  endfacet
  facet normal 0 1 -0
    outer loop
      vertex 30.0476 2 24.292
      vertex 24.7911 2 28.6059
      vertex 30.2741 2 24.5823
    endloop
  endfacet
  facet normal 0 1 0
    outer loop
      vertex 24.7911 2 28.6059
      vertex 30.0476 2 24.292
      vertex 24.7687 2 28.5799
    endloop
  endfacet
  facet normal 0 1 -0
    outer loop
      vertex 29.8071 2 24.0133
      vertex 24.7687 2 28.5799
      vertex 30.0476 2 24.292
    endloop
  endfacet
  facet normal 0 1 0
    outer loop
      vertex 24.7687 2 28.5799
      vertex 29.8071 2 24.0133
      vertex 24.745 2 28.555
    endloop
  endfacet
  facet normal 0 1 -0
    outer loop
      vertex 29.5533 2 23.7467
      vertex 24.745 2 28.555
      vertex 29.8071 2 24.0133
    endloop
  endfacet
  facet normal 0 1 -0
    outer loop
      vertex 29.2867 2 23.4929
      vertex 24.7201 2 28.5313
      vertex 29.5533 2 23.7467
    endloop
  endfacet
  facet normal 0 1 0
    outer loop
      vertex 24.745 2 28.555
      vertex 29.5533 2 23.7467
      vertex 24.7201 2 28.5313
    endloop
  endfacet
  facet normal 0 1 0
    outer loop
      vertex 19.2133 2 34.6071
      vertex 23.7799 2 29.5687
      vertex 18.9467 2 34.3533
    endloop
  endfacet
  facet normal 0 1 -0
    outer loop
      vertex 23.755 2 29.545
      vertex 18.9467 2 34.3533
      vertex 23.7799 2 29.5687
    endloop
  endfacet
  facet normal 0 1 0
    outer loop
      vertex 18.9467 2 34.3533
      vertex 23.755 2 29.545
      vertex 18.6929 2 34.0867
    endloop
  endfacet
  facet normal 0 1 -0
    outer loop
      vertex 23.7313 2 29.5201
      vertex 18.6929 2 34.0867
      vertex 23.755 2 29.545
    endloop
  endfacet
  facet normal 0 1 0
    outer loop
      vertex 18.6929 2 34.0867
      vertex 23.7313 2 29.5201
      vertex 18.4524 2 33.8079
    endloop
  endfacet
  facet normal 0 1 -0
    outer loop
      vertex 23.7089 2 29.4941
      vertex 18.4524 2 33.8079
      vertex 23.7313 2 29.5201
    endloop
  endfacet
  facet normal 0 1 0
    outer loop
      vertex 18.4524 2 33.8079
      vertex 23.7089 2 29.4941
      vertex 18.2259 2 33.5177
    endloop
  endfacet
  facet normal 0 1 -0
    outer loop
      vertex 23.6878 2 29.467
      vertex 18.2259 2 33.5177
      vertex 23.7089 2 29.4941
    endloop
  endfacet
  facet normal 0 1 0
    outer loop
      vertex 18.2259 2 33.5177
      vertex 23.6878 2 29.467
      vertex 18.014 2 33.2168
    endloop
  endfacet
  facet normal 0 1 -0
    outer loop
      vertex 23.668 2 29.4389
      vertex 18.014 2 33.2168
      vertex 23.6878 2 29.467
    endloop
  endfacet
  facet normal 0 1 0
    outer loop
      vertex 18.014 2 33.2168
      vertex 23.668 2 29.4389
      vertex 17.817 2 32.9058
    endloop
  endfacet
  facet normal 0 1 -0
    outer loop
      vertex 23.6496 2 29.4099
      vertex 17.817 2 32.9058
      vertex 23.668 2 29.4389
    endloop
  endfacet
  facet normal 0 1 0
    outer loop
      vertex 17.817 2 32.9058
      vertex 23.6496 2 29.4099
      vertex 17.6356 2 32.5855
    endloop
  endfacet
  facet normal 0 1 -0
    outer loop
      vertex 23.6327 2 29.38
      vertex 17.6356 2 32.5855
      vertex 23.6496 2 29.4099
    endloop
  endfacet
  facet normal 0 1 0
    outer loop
      vertex 17.6356 2 32.5855
      vertex 23.6327 2 29.38
      vertex 17.4701 2 32.2567
    endloop
  endfacet
  facet normal 0 1 -0
    outer loop
      vertex 23.6172 2 29.3493
      vertex 17.4701 2 32.2567
      vertex 23.6327 2 29.38
    endloop
  endfacet
  facet normal 0 1 0
    outer loop
      vertex 17.4701 2 32.2567
      vertex 23.6172 2 29.3493
      vertex 17.3209 2 31.9201
    endloop
  endfacet
  facet normal 0 1 -0
    outer loop
      vertex 23.6033 2 29.3179
      vertex 17.3209 2 31.9201
      vertex 23.6172 2 29.3493
    endloop
  endfacet
  facet normal 0 1 0
    outer loop
      vertex 17.3209 2 31.9201
      vertex 23.6033 2 29.3179
      vertex 17.1884 2 31.5767
    endloop
  endfacet
  facet normal 0 1 -0
    outer loop
      vertex 23.5909 2 29.2858
      vertex 17.1884 2 31.5767
      vertex 23.6033 2 29.3179
    endloop
  endfacet
  facet normal 0 1 0
    outer loop
      vertex 17.1884 2 31.5767
      vertex 23.5909 2 29.2858
      vertex 17.0729 2 31.2271
    endloop
  endfacet
  facet normal 0 1 -0
    outer loop
      vertex 23.5801 2 29.2532
      vertex 17.0729 2 31.2271
      vertex 23.5909 2 29.2858
    endloop
  endfacet
  facet normal 0 1 0
    outer loop
      vertex 17.0729 2 31.2271
      vertex 23.5801 2 29.2532
      vertex 16.9748 2 30.8724
    endloop
  endfacet
  facet normal 0 1 -0
    outer loop
      vertex 23.571 2 29.2201
      vertex 16.9748 2 30.8724
      vertex 23.5801 2 29.2532
    endloop
  endfacet
  facet normal 0 1 0
    outer loop
      vertex 16.9748 2 30.8724
      vertex 23.571 2 29.2201
      vertex 16.8941 2 30.5132
    endloop
  endfacet
  facet normal 0 1 -0
    outer loop
      vertex 23.5634 2 29.1866
      vertex 16.8941 2 30.5132
      vertex 23.571 2 29.2201
    endloop
  endfacet
  facet normal 0 1 0
    outer loop
      vertex 16.8941 2 30.5132
      vertex 23.5634 2 29.1866
      vertex 16.8312 2 30.1505
    endloop
  endfacet
  facet normal 0 1 -0
    outer loop
      vertex 23.5576 2 29.1527
      vertex 16.8312 2 30.1505
      vertex 23.5634 2 29.1866
    endloop
  endfacet
  facet normal 0 1 0
    outer loop
      vertex 16.8312 2 30.1505
      vertex 23.5576 2 29.1527
      vertex 16.7861 2 29.7851
    endloop
  endfacet
  facet normal 0 1 -0
    outer loop
      vertex 23.5534 2 29.1186
      vertex 16.7861 2 29.7851
      vertex 23.5576 2 29.1527
    endloop
  endfacet
  facet normal 0 1 0
    outer loop
      vertex 16.7861 2 29.7851
      vertex 23.5534 2 29.1186
      vertex 16.759 2 29.418
    endloop
  endfacet
  facet normal 0 1 -0
    outer loop
      vertex 23.5508 2 29.0843
      vertex 16.759 2 29.418
      vertex 23.5534 2 29.1186
    endloop
  endfacet
  facet normal 0 1 -0
    outer loop
      vertex 23.55 2 29.05
      vertex 16.759 2 29.418
      vertex 23.5508 2 29.0843
    endloop
  endfacet
  facet normal 0 1 0
    outer loop
      vertex 23.55 2 29.05
      vertex 16.75 2 29.05
      vertex 16.759 2 29.418
    endloop
  endfacet
  facet normal 0 1 0
    outer loop
      vertex 23.5508 2 29.0157
      vertex 16.75 2 29.05
      vertex 23.55 2 29.05
    endloop
  endfacet
  facet normal 0 1 0
    outer loop
      vertex 16.759 2 28.682
      vertex 23.5508 2 29.0157
      vertex 23.5534 2 28.9814
    endloop
  endfacet
  facet normal 0 1 0
    outer loop
      vertex 16.7861 2 28.3149
      vertex 23.5534 2 28.9814
      vertex 23.5576 2 28.9473
    endloop
  endfacet
  facet normal 0 1 0
    outer loop
      vertex 16.8312 2 27.9495
      vertex 23.5576 2 28.9473
      vertex 23.5634 2 28.9134
    endloop
  endfacet
  facet normal 0 1 0
    outer loop
      vertex 16.8941 2 27.5868
      vertex 23.5634 2 28.9134
      vertex 23.571 2 28.8799
    endloop
  endfacet
  facet normal 0 1 0
    outer loop
      vertex 16.9748 2 27.2276
      vertex 23.571 2 28.8799
      vertex 23.5801 2 28.8468
    endloop
  endfacet
  facet normal 0 1 0
    outer loop
      vertex 17.0729 2 26.8729
      vertex 23.5801 2 28.8468
      vertex 23.5909 2 28.8142
    endloop
  endfacet
  facet normal 0 1 0
    outer loop
      vertex 17.1884 2 26.5233
      vertex 23.5909 2 28.8142
      vertex 23.6033 2 28.7821
    endloop
  endfacet
  facet normal 0 1 0
    outer loop
      vertex 17.3209 2 26.1799
      vertex 23.6033 2 28.7821
      vertex 23.6172 2 28.7507
    endloop
  endfacet
  facet normal 0 1 0
    outer loop
      vertex 17.4701 2 25.8433
      vertex 23.6172 2 28.7507
      vertex 23.6327 2 28.72
    endloop
  endfacet
  facet normal 0 1 0
    outer loop
      vertex 17.6356 2 25.5145
      vertex 23.6327 2 28.72
      vertex 23.6496 2 28.6901
    endloop
  endfacet
  facet normal 0 1 0
    outer loop
      vertex 23.5508 2 29.0157
      vertex 16.759 2 28.682
      vertex 16.75 2 29.05
    endloop
  endfacet
  facet normal 0 1 0
    outer loop
      vertex 17.817 2 25.1942
      vertex 23.6496 2 28.6901
      vertex 23.668 2 28.6611
    endloop
  endfacet
  facet normal 0 1 0
    outer loop
      vertex 18.014 2 24.8832
      vertex 23.668 2 28.6611
      vertex 23.6878 2 28.633
    endloop
  endfacet
  facet normal 0 1 0
    outer loop
      vertex 18.2259 2 24.5823
      vertex 23.6878 2 28.633
      vertex 23.7089 2 28.6059
    endloop
  endfacet
  facet normal 0 1 0
    outer loop
      vertex 18.4524 2 24.292
      vertex 23.7089 2 28.6059
      vertex 23.7313 2 28.5799
    endloop
  endfacet
  facet normal 0 1 0
    outer loop
      vertex 18.6929 2 24.0133
      vertex 23.7313 2 28.5799
      vertex 23.755 2 28.555
    endloop
  endfacet
  facet normal 0 1 0
    outer loop
      vertex 18.9467 2 23.7467
      vertex 23.755 2 28.555
      vertex 23.7799 2 28.5313
    endloop
  endfacet
  facet normal 0 1 0
    outer loop
      vertex 19.2133 2 23.4929
      vertex 23.7799 2 28.5313
      vertex 23.8059 2 28.5089
    endloop
  endfacet
  facet normal 0 1 0
    outer loop
      vertex 19.4921 2 23.2524
      vertex 23.8059 2 28.5089
      vertex 23.833 2 28.4878
    endloop
  endfacet
  facet normal 0 1 0
    outer loop
      vertex 19.7823 2 23.0259
      vertex 23.833 2 28.4878
      vertex 23.8611 2 28.468
    endloop
  endfacet
  facet normal 0 1 0
    outer loop
      vertex 20.0832 2 22.814
      vertex 23.8611 2 28.468
      vertex 23.8901 2 28.4496
    endloop
  endfacet
  facet normal 0 1 0
    outer loop
      vertex 20.3942 2 22.617
      vertex 23.8901 2 28.4496
      vertex 23.92 2 28.4327
    endloop
  endfacet
  facet normal 0 1 0
    outer loop
      vertex 20.7145 2 22.4356
      vertex 23.92 2 28.4327
      vertex 23.9507 2 28.4172
    endloop
  endfacet
  facet normal 0 1 0
    outer loop
      vertex 21.0433 2 22.2701
      vertex 23.9507 2 28.4172
      vertex 23.9821 2 28.4033
    endloop
  endfacet
  facet normal 0 1 0
    outer loop
      vertex 21.3799 2 22.1209
      vertex 23.9821 2 28.4033
      vertex 24.0142 2 28.3909
    endloop
  endfacet
  facet normal 0 1 0
    outer loop
      vertex 21.7233 2 21.9884
      vertex 24.0142 2 28.3909
      vertex 24.0468 2 28.3801
    endloop
  endfacet
  facet normal 0 1 0
    outer loop
      vertex 22.0729 2 21.8729
      vertex 24.0468 2 28.3801
      vertex 24.0799 2 28.371
    endloop
  endfacet
  facet normal 0 1 0
    outer loop
      vertex 22.4276 2 21.7748
      vertex 24.0799 2 28.371
      vertex 24.1134 2 28.3634
    endloop
  endfacet
  facet normal 0 1 0
    outer loop
      vertex 22.7868 2 21.6941
      vertex 24.1134 2 28.3634
      vertex 24.1473 2 28.3576
    endloop
  endfacet
  facet normal 0 1 0
    outer loop
      vertex 23.1495 2 21.6312
      vertex 24.1473 2 28.3576
      vertex 24.1814 2 28.3534
    endloop
  endfacet
  facet normal 0 1 0
    outer loop
      vertex 23.5149 2 21.5861
      vertex 24.1814 2 28.3534
      vertex 24.2157 2 28.3508
    endloop
  endfacet
  facet normal 0 1 0
    outer loop
      vertex 23.5534 2 28.9814
      vertex 16.7861 2 28.3149
      vertex 16.759 2 28.682
    endloop
  endfacet
  facet normal 0 1 0
    outer loop
      vertex 23.882 2 21.559
      vertex 24.2157 2 28.3508
      vertex 24.25 2 28.35
    endloop
  endfacet
  facet normal 0 1 0
    outer loop
      vertex 24.7201 2 28.5313
      vertex 29.2867 2 23.4929
      vertex 24.6941 2 28.5089
    endloop
  endfacet
  facet normal 0 1 -0
    outer loop
      vertex 29.0079 2 23.2524
      vertex 24.6941 2 28.5089
      vertex 29.2867 2 23.4929
    endloop
  endfacet
  facet normal 0 1 0
    outer loop
      vertex 23.5576 2 28.9473
      vertex 16.8312 2 27.9495
      vertex 16.7861 2 28.3149
    endloop
  endfacet
  facet normal 0 1 0
    outer loop
      vertex 24.6941 2 28.5089
      vertex 29.0079 2 23.2524
      vertex 24.667 2 28.4878
    endloop
  endfacet
  facet normal 0 1 0
    outer loop
      vertex 23.5634 2 28.9134
      vertex 16.8941 2 27.5868
      vertex 16.8312 2 27.9495
    endloop
  endfacet
  facet normal 0 1 -0
    outer loop
      vertex 28.7177 2 23.0259
      vertex 24.667 2 28.4878
      vertex 29.0079 2 23.2524
    endloop
  endfacet
  facet normal 0 1 0
    outer loop
      vertex 23.571 2 28.8799
      vertex 16.9748 2 27.2276
      vertex 16.8941 2 27.5868
    endloop
  endfacet
  facet normal 0 1 0
    outer loop
      vertex 24.667 2 28.4878
      vertex 28.7177 2 23.0259
      vertex 24.6389 2 28.468
    endloop
  endfacet
  facet normal 0 1 0
    outer loop
      vertex 23.5801 2 28.8468
      vertex 17.0729 2 26.8729
      vertex 16.9748 2 27.2276
    endloop
  endfacet
  facet normal 0 1 -0
    outer loop
      vertex 28.4168 2 22.814
      vertex 24.6389 2 28.468
      vertex 28.7177 2 23.0259
    endloop
  endfacet
  facet normal 0 1 0
    outer loop
      vertex 23.5909 2 28.8142
      vertex 17.1884 2 26.5233
      vertex 17.0729 2 26.8729
    endloop
  endfacet
  facet normal 0 1 0
    outer loop
      vertex 24.6389 2 28.468
      vertex 28.4168 2 22.814
      vertex 24.6099 2 28.4496
    endloop
  endfacet
  facet normal 0 1 0
    outer loop
      vertex 23.6033 2 28.7821
      vertex 17.3209 2 26.1799
      vertex 17.1884 2 26.5233
    endloop
  endfacet
  facet normal 0 1 -0
    outer loop
      vertex 28.1058 2 22.617
      vertex 24.6099 2 28.4496
      vertex 28.4168 2 22.814
    endloop
  endfacet
  facet normal 0 1 0
    outer loop
      vertex 23.6172 2 28.7507
      vertex 17.4701 2 25.8433
      vertex 17.3209 2 26.1799
    endloop
  endfacet
  facet normal 0 1 0
    outer loop
      vertex 24.6099 2 28.4496
      vertex 28.1058 2 22.617
      vertex 24.58 2 28.4327
    endloop
  endfacet
  facet normal 0 1 0
    outer loop
      vertex 23.6327 2 28.72
      vertex 17.6356 2 25.5145
      vertex 17.4701 2 25.8433
    endloop
  endfacet
  facet normal 0 1 -0
    outer loop
      vertex 27.7855 2 22.4356
      vertex 24.58 2 28.4327
      vertex 28.1058 2 22.617
    endloop
  endfacet
  facet normal 0 1 0
    outer loop
      vertex 23.6496 2 28.6901
      vertex 17.817 2 25.1942
      vertex 17.6356 2 25.5145
    endloop
  endfacet
  facet normal 0 1 0
    outer loop
      vertex 24.58 2 28.4327
      vertex 27.7855 2 22.4356
      vertex 24.5493 2 28.4172
    endloop
  endfacet
  facet normal 0 1 0
    outer loop
      vertex 23.668 2 28.6611
      vertex 18.014 2 24.8832
      vertex 17.817 2 25.1942
    endloop
  endfacet
  facet normal 0 1 -0
    outer loop
      vertex 27.4567 2 22.2701
      vertex 24.5493 2 28.4172
      vertex 27.7855 2 22.4356
    endloop
  endfacet
  facet normal 0 1 0
    outer loop
      vertex 23.6878 2 28.633
      vertex 18.2259 2 24.5823
      vertex 18.014 2 24.8832
    endloop
  endfacet
  facet normal 0 1 0
    outer loop
      vertex 24.5493 2 28.4172
      vertex 27.4567 2 22.2701
      vertex 24.5179 2 28.4033
    endloop
  endfacet
  facet normal 0 1 0
    outer loop
      vertex 23.7089 2 28.6059
      vertex 18.4524 2 24.292
      vertex 18.2259 2 24.5823
    endloop
  endfacet
  facet normal 0 1 -0
    outer loop
      vertex 27.1201 2 22.1209
      vertex 24.5179 2 28.4033
      vertex 27.4567 2 22.2701
    endloop
  endfacet
  facet normal 0 1 0
    outer loop
      vertex 23.7313 2 28.5799
      vertex 18.6929 2 24.0133
      vertex 18.4524 2 24.292
    endloop
  endfacet
  facet normal 0 1 0
    outer loop
      vertex 24.5179 2 28.4033
      vertex 27.1201 2 22.1209
      vertex 24.4858 2 28.3909
    endloop
  endfacet
  facet normal 0 1 0
    outer loop
      vertex 23.755 2 28.555
      vertex 18.9467 2 23.7467
      vertex 18.6929 2 24.0133
    endloop
  endfacet
  facet normal 0 1 -0
    outer loop
      vertex 26.7767 2 21.9884
      vertex 24.4858 2 28.3909
      vertex 27.1201 2 22.1209
    endloop
  endfacet
  facet normal 0 1 0
    outer loop
      vertex 23.7799 2 28.5313
      vertex 19.2133 2 23.4929
      vertex 18.9467 2 23.7467
    endloop
  endfacet
  facet normal 0 1 0
    outer loop
      vertex 24.4858 2 28.3909
      vertex 26.7767 2 21.9884
      vertex 24.4532 2 28.3801
    endloop
  endfacet
  facet normal 0 1 0
    outer loop
      vertex 23.8059 2 28.5089
      vertex 19.4921 2 23.2524
      vertex 19.2133 2 23.4929
    endloop
  endfacet
  facet normal 0 1 -0
    outer loop
      vertex 26.4271 2 21.8729
      vertex 24.4532 2 28.3801
      vertex 26.7767 2 21.9884
    endloop
  endfacet
  facet normal 0 1 0
    outer loop
      vertex 23.833 2 28.4878
      vertex 19.7823 2 23.0259
      vertex 19.4921 2 23.2524
    endloop
  endfacet
  facet normal 0 1 0
    outer loop
      vertex 24.4532 2 28.3801
      vertex 26.4271 2 21.8729
      vertex 24.4201 2 28.371
    endloop
  endfacet
  facet normal 0 1 0
    outer loop
      vertex 23.8611 2 28.468
      vertex 20.0832 2 22.814
      vertex 19.7823 2 23.0259
    endloop
  endfacet
  facet normal 0 1 -0
    outer loop
      vertex 26.0723 2 21.7748
      vertex 24.4201 2 28.371
      vertex 26.4271 2 21.8729
    endloop
  endfacet
  facet normal 0 1 0
    outer loop
      vertex 23.8901 2 28.4496
      vertex 20.3942 2 22.617
      vertex 20.0832 2 22.814
    endloop
  endfacet
  facet normal 0 1 0
    outer loop
      vertex 24.4201 2 28.371
      vertex 26.0723 2 21.7748
      vertex 24.3866 2 28.3634
    endloop
  endfacet
  facet normal 0 1 0
    outer loop
      vertex 23.92 2 28.4327
      vertex 20.7145 2 22.4356
      vertex 20.3942 2 22.617
    endloop
  endfacet
  facet normal 0 1 -0
    outer loop
      vertex 25.7132 2 21.6941
      vertex 24.3866 2 28.3634
      vertex 26.0723 2 21.7748
    endloop
  endfacet
  facet normal 0 1 0
    outer loop
      vertex 23.9507 2 28.4172
      vertex 21.0433 2 22.2701
      vertex 20.7145 2 22.4356
    endloop
  endfacet
  facet normal 0 1 0
    outer loop
      vertex 24.3866 2 28.3634
      vertex 25.7132 2 21.6941
      vertex 24.3527 2 28.3576
    endloop
  endfacet
  facet normal 0 1 0
    outer loop
      vertex 23.9821 2 28.4033
      vertex 21.3799 2 22.1209
      vertex 21.0433 2 22.2701
    endloop
  endfacet
  facet normal 0 1 -0
    outer loop
      vertex 25.3505 2 21.6312
      vertex 24.3527 2 28.3576
      vertex 25.7132 2 21.6941
    endloop
  endfacet
  facet normal 0 1 0
    outer loop
      vertex 24.0142 2 28.3909
      vertex 21.7233 2 21.9884
      vertex 21.3799 2 22.1209
    endloop
  endfacet
  facet normal 0 1 0
    outer loop
      vertex 24.3527 2 28.3576
      vertex 25.3505 2 21.6312
      vertex 24.3186 2 28.3534
    endloop
  endfacet
  facet normal 0 1 0
    outer loop
      vertex 24.0468 2 28.3801
      vertex 22.0729 2 21.8729
      vertex 21.7233 2 21.9884
    endloop
  endfacet
  facet normal 0 1 -0
    outer loop
      vertex 24.9851 2 21.5861
      vertex 24.3186 2 28.3534
      vertex 25.3505 2 21.6312
    endloop
  endfacet
  facet normal 0 1 0
    outer loop
      vertex 24.0799 2 28.371
      vertex 22.4276 2 21.7748
      vertex 22.0729 2 21.8729
    endloop
  endfacet
  facet normal 0 1 0
    outer loop
      vertex 24.3186 2 28.3534
      vertex 24.9851 2 21.5861
      vertex 24.2843 2 28.3508
    endloop
  endfacet
  facet normal 0 1 0
    outer loop
      vertex 24.1134 2 28.3634
      vertex 22.7868 2 21.6941
      vertex 22.4276 2 21.7748
    endloop
  endfacet
  facet normal 0 1 -0
    outer loop
      vertex 24.618 2 21.559
      vertex 24.2843 2 28.3508
      vertex 24.9851 2 21.5861
    endloop
  endfacet
  facet normal 0 1 0
    outer loop
      vertex 24.1473 2 28.3576
      vertex 23.1495 2 21.6312
      vertex 22.7868 2 21.6941
    endloop
  endfacet
  facet normal 0 1 0
    outer loop
      vertex 24.2843 2 28.3508
      vertex 24.618 2 21.559
      vertex 24.25 2 28.35
    endloop
  endfacet
  facet normal 0 1 0
    outer loop
      vertex 24.1814 2 28.3534
      vertex 23.5149 2 21.5861
      vertex 23.1495 2 21.6312
    endloop
  endfacet
  facet normal 0 1 0
    outer loop
      vertex 24.25 2 21.55
      vertex 24.25 2 28.35
      vertex 24.618 2 21.559
    endloop
  endfacet
  facet normal 0 1 0
    outer loop
      vertex 24.2157 2 28.3508
      vertex 23.882 2 21.559
      vertex 23.5149 2 21.5861
    endloop
  endfacet
  facet normal 0 1 0
    outer loop
      vertex 24.25 2 28.35
      vertex 24.25 2 21.55
      vertex 23.882 2 21.559
    endloop
  endfacet
  facet normal -0.72428 0 -0.689506
    outer loop
      vertex 29.8071 2 34.0867
      vertex 29.5533 7 34.3533
      vertex 29.8071 7 34.0867
    endloop
  endfacet
  facet normal -0.72428 -0 -0.689506
    outer loop
      vertex 29.5533 7 34.3533
      vertex 29.8071 2 34.0867
      vertex 29.5533 2 34.3533
    endloop
  endfacet
  facet normal 0.0736215 0 -0.997286
    outer loop
      vertex 23.5149 2 36.5139
      vertex 23.882 7 36.541
      vertex 23.882 2 36.541
    endloop
  endfacet
  facet normal 0.0736215 0 -0.997286
    outer loop
      vertex 23.882 7 36.541
      vertex 23.5149 2 36.5139
      vertex 23.5149 7 36.5139
    endloop
  endfacet
  facet normal -0.985293 0 -0.170871
    outer loop
      vertex 31.6688 2 30.1505
      vertex 31.6059 7 30.5132
      vertex 31.6688 7 30.1505
    endloop
  endfacet
  facet normal -0.985293 -0 -0.170871
    outer loop
      vertex 31.6059 7 30.5132
      vertex 31.6688 2 30.1505
      vertex 31.6059 2 30.5132
    endloop
  endfacet
  facet normal -0.757202 0 -0.653181
    outer loop
      vertex 30.0476 2 33.8079
      vertex 29.8071 7 34.0867
      vertex 30.0476 7 33.8079
    endloop
  endfacet
  facet normal -0.757202 -0 -0.653181
    outer loop
      vertex 29.8071 7 34.0867
      vertex 30.0476 2 33.8079
      vertex 29.8071 2 34.0867
    endloop
  endfacet
  facet normal 0.914214 0 -0.405231
    outer loop
      vertex 17.4701 2 32.2567
      vertex 17.3209 7 31.9201
      vertex 17.4701 7 32.2567
    endloop
  endfacet
  facet normal 0.914214 0 -0.405231
    outer loop
      vertex 17.3209 7 31.9201
      vertex 17.4701 2 32.2567
      vertex 17.3209 2 31.9201
    endloop
  endfacet
  facet normal 0.870143 0 -0.4928
    outer loop
      vertex 17.817 2 32.9058
      vertex 17.6356 7 32.5855
      vertex 17.817 7 32.9058
    endloop
  endfacet
  facet normal 0.870143 0 -0.4928
    outer loop
      vertex 17.6356 7 32.5855
      vertex 17.817 2 32.9058
      vertex 17.6356 2 32.5855
    endloop
  endfacet
  facet normal 0.893229 0 -0.449603
    outer loop
      vertex 17.6356 2 32.5855
      vertex 17.4701 7 32.2567
      vertex 17.6356 7 32.5855
    endloop
  endfacet
  facet normal 0.893229 0 -0.449603
    outer loop
      vertex 17.4701 7 32.2567
      vertex 17.6356 2 32.5855
      vertex 17.4701 2 32.2567
    endloop
  endfacet
  facet normal -0.0244492 0 0.999701
    outer loop
      vertex 24.25 7 21.55
      vertex 24.618 2 21.559
      vertex 24.618 7 21.559
    endloop
  endfacet
  facet normal -0.0244492 0 0.999701
    outer loop
      vertex 24.618 2 21.559
      vertex 24.25 7 21.55
      vertex 24.25 2 21.55
    endloop
  endfacet
  facet normal -0.313701 0 0.949522
    outer loop
      vertex 26.4271 7 21.8729
      vertex 26.7767 2 21.9884
      vertex 26.7767 7 21.9884
    endloop
  endfacet
  facet normal -0.313701 0 0.949522
    outer loop
      vertex 26.7767 2 21.9884
      vertex 26.4271 7 21.8729
      vertex 26.4271 2 21.8729
    endloop
  endfacet
  facet normal -0.405231 0 0.914214
    outer loop
      vertex 27.1201 7 22.1209
      vertex 27.4567 2 22.2701
      vertex 27.4567 7 22.2701
    endloop
  endfacet
  facet normal -0.405231 0 0.914214
    outer loop
      vertex 27.4567 2 22.2701
      vertex 27.1201 7 22.1209
      vertex 27.1201 2 22.1209
    endloop
  endfacet
  facet normal -0.992469 0 0.122497
    outer loop
      vertex 31.6688 2 27.9495
      vertex 31.7139 7 28.3149
      vertex 31.6688 7 27.9495
    endloop
  endfacet
  facet normal -0.992469 0 0.122497
    outer loop
      vertex 31.7139 7 28.3149
      vertex 31.6688 2 27.9495
      vertex 31.7139 2 28.3149
    endloop
  endfacet
  facet normal -0.949522 0 -0.313701
    outer loop
      vertex 31.4271 2 31.2271
      vertex 31.3116 7 31.5767
      vertex 31.4271 7 31.2271
    endloop
  endfacet
  facet normal -0.949522 -0 -0.313701
    outer loop
      vertex 31.3116 7 31.5767
      vertex 31.4271 2 31.2271
      vertex 31.3116 2 31.5767
    endloop
  endfacet
  facet normal -0.93296 0 0.35998
    outer loop
      vertex 31.1791 2 26.1799
      vertex 31.3116 7 26.5233
      vertex 31.1791 7 26.1799
    endloop
  endfacet
  facet normal -0.93296 0 0.35998
    outer loop
      vertex 31.3116 7 26.5233
      vertex 31.1791 2 26.1799
      vertex 31.3116 2 26.5233
    endloop
  endfacet
  facet normal -0.817607 0 -0.575776
    outer loop
      vertex 30.486 2 33.2168
      vertex 30.2741 7 33.5177
      vertex 30.486 7 33.2168
    endloop
  endfacet
  facet normal -0.817607 -0 -0.575776
    outer loop
      vertex 30.2741 7 33.5177
      vertex 30.486 2 33.2168
      vertex 30.2741 2 33.5177
    endloop
  endfacet
  facet normal -0.999701 0 0.0244492
    outer loop
      vertex 31.741 2 28.682
      vertex 31.75 7 29.05
      vertex 31.741 7 28.682
    endloop
  endfacet
  facet normal -0.999701 0 0.0244492
    outer loop
      vertex 31.75 7 29.05
      vertex 31.741 2 28.682
      vertex 31.75 2 29.05
    endloop
  endfacet
  facet normal 0.535117 0 -0.844778
    outer loop
      vertex 20.0832 2 35.286
      vertex 20.3942 7 35.483
      vertex 20.3942 2 35.483
    endloop
  endfacet
  facet normal 0.535117 0 -0.844778
    outer loop
      vertex 20.3942 7 35.483
      vertex 20.0832 2 35.286
      vertex 20.0832 7 35.286
    endloop
  endfacet
  facet normal -0.963817 0 -0.266565
    outer loop
      vertex 31.5252 2 30.8724
      vertex 31.4271 7 31.2271
      vertex 31.5252 7 30.8724
    endloop
  endfacet
  facet normal -0.963817 -0 -0.266565
    outer loop
      vertex 31.4271 7 31.2271
      vertex 31.5252 2 30.8724
      vertex 31.4271 2 31.2271
    endloop
  endfacet
  facet normal 0.757202 0 -0.653181
    outer loop
      vertex 18.6929 2 34.0867
      vertex 18.4524 7 33.8079
      vertex 18.6929 7 34.0867
    endloop
  endfacet
  facet normal 0.757202 0 -0.653181
    outer loop
      vertex 18.4524 7 33.8079
      vertex 18.6929 2 34.0867
      vertex 18.4524 2 33.8079
    endloop
  endfacet
  facet normal -0.844778 0 -0.535117
    outer loop
      vertex 30.683 2 32.9058
      vertex 30.486 7 33.2168
      vertex 30.683 7 32.9058
    endloop
  endfacet
  facet normal -0.844778 -0 -0.535117
    outer loop
      vertex 30.486 7 33.2168
      vertex 30.683 2 32.9058
      vertex 30.486 2 33.2168
    endloop
  endfacet
  facet normal -0.914214 0 0.405231
    outer loop
      vertex 31.0299 2 25.8433
      vertex 31.1791 7 26.1799
      vertex 31.0299 7 25.8433
    endloop
  endfacet
  facet normal -0.914214 0 0.405231
    outer loop
      vertex 31.1791 7 26.1799
      vertex 31.0299 2 25.8433
      vertex 31.1791 2 26.1799
    endloop
  endfacet
  facet normal 0.72428 -0 0.689506
    outer loop
      vertex 18.6929 2 24.0133
      vertex 18.9467 7 23.7467
      vertex 18.6929 7 24.0133
    endloop
  endfacet
  facet normal 0.72428 0 0.689506
    outer loop
      vertex 18.9467 7 23.7467
      vertex 18.6929 2 24.0133
      vertex 18.9467 2 23.7467
    endloop
  endfacet
  facet normal -0.35998 0 -0.93296
    outer loop
      vertex 26.7767 2 36.1116
      vertex 27.1201 7 35.9791
      vertex 27.1201 2 35.9791
    endloop
  endfacet
  facet normal -0.35998 0 -0.93296
    outer loop
      vertex 27.1201 7 35.9791
      vertex 26.7767 2 36.1116
      vertex 26.7767 7 36.1116
    endloop
  endfacet
  facet normal 0.170871 0 0.985293
    outer loop
      vertex 22.7868 7 21.6941
      vertex 23.1495 2 21.6312
      vertex 23.1495 7 21.6312
    endloop
  endfacet
  facet normal 0.170871 0 0.985293
    outer loop
      vertex 23.1495 2 21.6312
      vertex 22.7868 7 21.6941
      vertex 22.7868 2 21.6941
    endloop
  endfacet
  facet normal -0.817607 0 0.575776
    outer loop
      vertex 30.2741 2 24.5823
      vertex 30.486 7 24.8832
      vertex 30.2741 7 24.5823
    endloop
  endfacet
  facet normal -0.817607 0 0.575776
    outer loop
      vertex 30.486 7 24.8832
      vertex 30.2741 2 24.5823
      vertex 30.486 2 24.8832
    endloop
  endfacet
  facet normal 0.992469 -0 0.122497
    outer loop
      vertex 16.7861 2 28.3149
      vertex 16.8312 7 27.9495
      vertex 16.7861 7 28.3149
    endloop
  endfacet
  facet normal 0.992469 0 0.122497
    outer loop
      vertex 16.8312 7 27.9495
      vertex 16.7861 2 28.3149
      vertex 16.8312 2 27.9495
    endloop
  endfacet
  facet normal -0.0244492 0 -0.999701
    outer loop
      vertex 24.25 2 36.55
      vertex 24.618 7 36.541
      vertex 24.618 2 36.541
    endloop
  endfacet
  facet normal -0.0244492 0 -0.999701
    outer loop
      vertex 24.618 7 36.541
      vertex 24.25 2 36.55
      vertex 24.25 7 36.55
    endloop
  endfacet
  facet normal 0.0244492 0 -0.999701
    outer loop
      vertex 23.882 2 36.541
      vertex 24.25 7 36.55
      vertex 24.25 2 36.55
    endloop
  endfacet
  facet normal 0.0244492 0 -0.999701
    outer loop
      vertex 24.25 7 36.55
      vertex 23.882 2 36.541
      vertex 23.882 7 36.541
    endloop
  endfacet
  facet normal -0.985293 0 0.170871
    outer loop
      vertex 31.6059 2 27.5868
      vertex 31.6688 7 27.9495
      vertex 31.6059 7 27.5868
    endloop
  endfacet
  facet normal -0.985293 0 0.170871
    outer loop
      vertex 31.6688 7 27.9495
      vertex 31.6059 2 27.5868
      vertex 31.6688 2 27.9495
    endloop
  endfacet
  facet normal -0.575776 0 -0.817607
    outer loop
      vertex 28.4168 2 35.286
      vertex 28.7177 7 35.0741
      vertex 28.7177 2 35.0741
    endloop
  endfacet
  facet normal -0.575776 0 -0.817607
    outer loop
      vertex 28.7177 7 35.0741
      vertex 28.4168 2 35.286
      vertex 28.4168 7 35.286
    endloop
  endfacet
  facet normal 0.949522 0 -0.313701
    outer loop
      vertex 17.1884 2 31.5767
      vertex 17.0729 7 31.2271
      vertex 17.1884 7 31.5767
    endloop
  endfacet
  facet normal 0.949522 0 -0.313701
    outer loop
      vertex 17.0729 7 31.2271
      vertex 17.1884 2 31.5767
      vertex 17.0729 2 31.2271
    endloop
  endfacet
  facet normal 0.788313 0 -0.615275
    outer loop
      vertex 18.4524 2 33.8079
      vertex 18.2259 7 33.5177
      vertex 18.4524 7 33.8079
    endloop
  endfacet
  facet normal 0.788313 0 -0.615275
    outer loop
      vertex 18.2259 7 33.5177
      vertex 18.4524 2 33.8079
      vertex 18.2259 2 33.5177
    endloop
  endfacet
  facet normal 0.963817 -0 0.266565
    outer loop
      vertex 16.9748 2 27.2276
      vertex 17.0729 7 26.8729
      vertex 16.9748 7 27.2276
    endloop
  endfacet
  facet normal 0.963817 0 0.266565
    outer loop
      vertex 17.0729 7 26.8729
      vertex 16.9748 2 27.2276
      vertex 17.0729 2 26.8729
    endloop
  endfacet
  facet normal 0.985293 0 -0.170871
    outer loop
      vertex 16.8941 2 30.5132
      vertex 16.8312 7 30.1505
      vertex 16.8941 7 30.5132
    endloop
  endfacet
  facet normal 0.985293 0 -0.170871
    outer loop
      vertex 16.8312 7 30.1505
      vertex 16.8941 2 30.5132
      vertex 16.8312 2 30.1505
    endloop
  endfacet
  facet normal 0.35998 0 0.93296
    outer loop
      vertex 21.3799 7 22.1209
      vertex 21.7233 2 21.9884
      vertex 21.7233 7 21.9884
    endloop
  endfacet
  facet normal 0.35998 0 0.93296
    outer loop
      vertex 21.7233 2 21.9884
      vertex 21.3799 7 22.1209
      vertex 21.3799 2 22.1209
    endloop
  endfacet
  facet normal 0.689506 0 0.72428
    outer loop
      vertex 18.9467 7 23.7467
      vertex 19.2133 2 23.4929
      vertex 19.2133 7 23.4929
    endloop
  endfacet
  facet normal 0.689506 0 0.72428
    outer loop
      vertex 19.2133 2 23.4929
      vertex 18.9467 7 23.7467
      vertex 18.9467 2 23.7467
    endloop
  endfacet
  facet normal 0.122497 0 -0.992469
    outer loop
      vertex 23.1495 2 36.4688
      vertex 23.5149 7 36.5139
      vertex 23.5149 2 36.5139
    endloop
  endfacet
  facet normal 0.122497 0 -0.992469
    outer loop
      vertex 23.5149 7 36.5139
      vertex 23.1495 2 36.4688
      vertex 23.1495 7 36.4688
    endloop
  endfacet
  facet normal -0.653181 0 0.757202
    outer loop
      vertex 29.0079 7 23.2524
      vertex 29.2867 2 23.4929
      vertex 29.2867 7 23.4929
    endloop
  endfacet
  facet normal -0.653181 0 0.757202
    outer loop
      vertex 29.2867 2 23.4929
      vertex 29.0079 7 23.2524
      vertex 29.0079 2 23.2524
    endloop
  endfacet
  facet normal 0.4928 0 0.870143
    outer loop
      vertex 20.3942 7 22.617
      vertex 20.7145 2 22.4356
      vertex 20.7145 7 22.4356
    endloop
  endfacet
  facet normal 0.4928 0 0.870143
    outer loop
      vertex 20.7145 2 22.4356
      vertex 20.3942 7 22.617
      vertex 20.3942 2 22.617
    endloop
  endfacet
  facet normal 0.757086 -0 0.653316
    outer loop
      vertex 18.4524 2 24.292
      vertex 18.6929 7 24.0133
      vertex 18.4524 7 24.292
    endloop
  endfacet
  facet normal 0.757086 0 0.653316
    outer loop
      vertex 18.6929 7 24.0133
      vertex 18.4524 2 24.292
      vertex 18.6929 2 24.0133
    endloop
  endfacet
  facet normal -0.72428 0 0.689506
    outer loop
      vertex 29.5533 2 23.7467
      vertex 29.8071 7 24.0133
      vertex 29.5533 7 23.7467
    endloop
  endfacet
  facet normal -0.72428 0 0.689506
    outer loop
      vertex 29.8071 7 24.0133
      vertex 29.5533 2 23.7467
      vertex 29.8071 2 24.0133
    endloop
  endfacet
  facet normal -0.788313 0 -0.615275
    outer loop
      vertex 30.2741 2 33.5177
      vertex 30.0476 7 33.8079
      vertex 30.2741 7 33.5177
    endloop
  endfacet
  facet normal -0.788313 -0 -0.615275
    outer loop
      vertex 30.0476 7 33.8079
      vertex 30.2741 2 33.5177
      vertex 30.0476 2 33.8079
    endloop
  endfacet
  facet normal 0.575776 0 0.817607
    outer loop
      vertex 19.7823 7 23.0259
      vertex 20.0832 2 22.814
      vertex 20.0832 7 22.814
    endloop
  endfacet
  facet normal 0.575776 0 0.817607
    outer loop
      vertex 20.0832 2 22.814
      vertex 19.7823 7 23.0259
      vertex 19.7823 2 23.0259
    endloop
  endfacet
  facet normal -0.93296 0 -0.35998
    outer loop
      vertex 31.3116 2 31.5767
      vertex 31.1791 7 31.9201
      vertex 31.3116 7 31.5767
    endloop
  endfacet
  facet normal -0.93296 -0 -0.35998
    outer loop
      vertex 31.1791 7 31.9201
      vertex 31.3116 2 31.5767
      vertex 31.1791 2 31.9201
    endloop
  endfacet
  facet normal -0.893229 0 0.449603
    outer loop
      vertex 30.8644 2 25.5145
      vertex 31.0299 7 25.8433
      vertex 30.8644 7 25.5145
    endloop
  endfacet
  facet normal -0.893229 0 0.449603
    outer loop
      vertex 31.0299 7 25.8433
      vertex 30.8644 2 25.5145
      vertex 31.0299 2 25.8433
    endloop
  endfacet
  facet normal -0.757086 0 0.653316
    outer loop
      vertex 29.8071 2 24.0133
      vertex 30.0476 7 24.292
      vertex 29.8071 7 24.0133
    endloop
  endfacet
  facet normal -0.757086 0 0.653316
    outer loop
      vertex 30.0476 7 24.292
      vertex 29.8071 2 24.0133
      vertex 30.0476 2 24.292
    endloop
  endfacet
  facet normal -0.21926 0 0.975666
    outer loop
      vertex 25.7132 7 21.6941
      vertex 26.0723 2 21.7748
      vertex 26.0723 7 21.7748
    endloop
  endfacet
  facet normal -0.21926 0 0.975666
    outer loop
      vertex 26.0723 2 21.7748
      vertex 25.7132 7 21.6941
      vertex 25.7132 2 21.6941
    endloop
  endfacet
  facet normal 0.4928 0 -0.870143
    outer loop
      vertex 20.3942 2 35.483
      vertex 20.7145 7 35.6644
      vertex 20.7145 2 35.6644
    endloop
  endfacet
  facet normal 0.4928 0 -0.870143
    outer loop
      vertex 20.7145 7 35.6644
      vertex 20.3942 2 35.483
      vertex 20.3942 7 35.483
    endloop
  endfacet
  facet normal -0.689506 0 0.72428
    outer loop
      vertex 29.2867 7 23.4929
      vertex 29.5533 2 23.7467
      vertex 29.5533 7 23.7467
    endloop
  endfacet
  facet normal -0.689506 0 0.72428
    outer loop
      vertex 29.5533 2 23.7467
      vertex 29.2867 7 23.4929
      vertex 29.2867 2 23.4929
    endloop
  endfacet
  facet normal 0.653181 0 -0.757202
    outer loop
      vertex 19.2133 2 34.6071
      vertex 19.4921 7 34.8476
      vertex 19.4921 2 34.8476
    endloop
  endfacet
  facet normal 0.653181 0 -0.757202
    outer loop
      vertex 19.4921 7 34.8476
      vertex 19.2133 2 34.6071
      vertex 19.2133 7 34.6071
    endloop
  endfacet
  facet normal 0.788415 -0 0.615143
    outer loop
      vertex 18.2259 2 24.5823
      vertex 18.4524 7 24.292
      vertex 18.2259 7 24.5823
    endloop
  endfacet
  facet normal 0.788415 0 0.615143
    outer loop
      vertex 18.4524 7 24.292
      vertex 18.2259 2 24.5823
      vertex 18.4524 2 24.292
    endloop
  endfacet
  facet normal 0.817607 0 -0.575776
    outer loop
      vertex 18.2259 2 33.5177
      vertex 18.014 7 33.2168
      vertex 18.2259 7 33.5177
    endloop
  endfacet
  facet normal 0.817607 0 -0.575776
    outer loop
      vertex 18.014 7 33.2168
      vertex 18.2259 2 33.5177
      vertex 18.014 2 33.2168
    endloop
  endfacet
  facet normal 0.844778 0 -0.535117
    outer loop
      vertex 18.014 2 33.2168
      vertex 17.817 7 32.9058
      vertex 18.014 7 33.2168
    endloop
  endfacet
  facet normal 0.844778 0 -0.535117
    outer loop
      vertex 17.817 7 32.9058
      vertex 18.014 2 33.2168
      vertex 17.817 2 32.9058
    endloop
  endfacet
  facet normal -0.122497 0 0.992469
    outer loop
      vertex 24.9851 7 21.5861
      vertex 25.3505 2 21.6312
      vertex 25.3505 7 21.6312
    endloop
  endfacet
  facet normal -0.122497 0 0.992469
    outer loop
      vertex 25.3505 2 21.6312
      vertex 24.9851 7 21.5861
      vertex 24.9851 2 21.5861
    endloop
  endfacet
  facet normal -0.535117 0 0.844778
    outer loop
      vertex 28.1058 7 22.617
      vertex 28.4168 2 22.814
      vertex 28.4168 7 22.814
    endloop
  endfacet
  facet normal -0.535117 0 0.844778
    outer loop
      vertex 28.4168 2 22.814
      vertex 28.1058 7 22.617
      vertex 28.1058 2 22.617
    endloop
  endfacet
  facet normal 0.97568 -0 0.219202
    outer loop
      vertex 16.8941 2 27.5868
      vertex 16.9748 7 27.2276
      vertex 16.8941 7 27.5868
    endloop
  endfacet
  facet normal 0.97568 0 0.219202
    outer loop
      vertex 16.9748 7 27.2276
      vertex 16.8941 2 27.5868
      vertex 16.9748 2 27.2276
    endloop
  endfacet
  facet normal 0.93296 0 -0.35998
    outer loop
      vertex 17.3209 2 31.9201
      vertex 17.1884 7 31.5767
      vertex 17.3209 7 31.9201
    endloop
  endfacet
  facet normal 0.93296 0 -0.35998
    outer loop
      vertex 17.1884 7 31.5767
      vertex 17.3209 2 31.9201
      vertex 17.1884 2 31.5767
    endloop
  endfacet
  facet normal 0.999701 0 -0.0244492
    outer loop
      vertex 16.759 2 29.418
      vertex 16.75 7 29.05
      vertex 16.759 7 29.418
    endloop
  endfacet
  facet normal 0.999701 0 -0.0244492
    outer loop
      vertex 16.75 7 29.05
      vertex 16.759 2 29.418
      vertex 16.75 2 29.05
    endloop
  endfacet
  facet normal 0.999701 -0 0.0244492
    outer loop
      vertex 16.75 2 29.05
      vertex 16.759 7 28.682
      vertex 16.75 7 29.05
    endloop
  endfacet
  facet normal 0.999701 0 0.0244492
    outer loop
      vertex 16.759 7 28.682
      vertex 16.75 2 29.05
      vertex 16.759 2 28.682
    endloop
  endfacet
  facet normal -0.21926 0 -0.975666
    outer loop
      vertex 25.7132 2 36.4059
      vertex 26.0723 7 36.3252
      vertex 26.0723 2 36.3252
    endloop
  endfacet
  facet normal -0.21926 0 -0.975666
    outer loop
      vertex 26.0723 7 36.3252
      vertex 25.7132 2 36.4059
      vertex 25.7132 7 36.4059
    endloop
  endfacet
  facet normal -0.788415 0 0.615143
    outer loop
      vertex 30.0476 2 24.292
      vertex 30.2741 7 24.5823
      vertex 30.0476 7 24.292
    endloop
  endfacet
  facet normal -0.788415 0 0.615143
    outer loop
      vertex 30.2741 7 24.5823
      vertex 30.0476 2 24.292
      vertex 30.2741 2 24.5823
    endloop
  endfacet
  facet normal 0.266565 0 -0.963817
    outer loop
      vertex 22.0729 2 36.2271
      vertex 22.4276 7 36.3252
      vertex 22.4276 2 36.3252
    endloop
  endfacet
  facet normal 0.266565 0 -0.963817
    outer loop
      vertex 22.4276 7 36.3252
      vertex 22.0729 2 36.2271
      vertex 22.0729 7 36.2271
    endloop
  endfacet
  facet normal 0.992469 0 -0.122497
    outer loop
      vertex 16.8312 2 30.1505
      vertex 16.7861 7 29.7851
      vertex 16.8312 7 30.1505
    endloop
  endfacet
  facet normal 0.992469 0 -0.122497
    outer loop
      vertex 16.7861 7 29.7851
      vertex 16.8312 2 30.1505
      vertex 16.7861 2 29.7851
    endloop
  endfacet
  facet normal -0.870143 0 0.4928
    outer loop
      vertex 30.683 2 25.1942
      vertex 30.8644 7 25.5145
      vertex 30.683 7 25.1942
    endloop
  endfacet
  facet normal -0.870143 0 0.4928
    outer loop
      vertex 30.8644 7 25.5145
      vertex 30.683 2 25.1942
      vertex 30.8644 2 25.5145
    endloop
  endfacet
  facet normal 0.615275 0 0.788313
    outer loop
      vertex 19.4921 7 23.2524
      vertex 19.7823 2 23.0259
      vertex 19.7823 7 23.0259
    endloop
  endfacet
  facet normal 0.615275 0 0.788313
    outer loop
      vertex 19.7823 2 23.0259
      vertex 19.4921 7 23.2524
      vertex 19.4921 2 23.2524
    endloop
  endfacet
  facet normal 0.844778 -0 0.535117
    outer loop
      vertex 17.817 2 25.1942
      vertex 18.014 7 24.8832
      vertex 17.817 7 25.1942
    endloop
  endfacet
  facet normal 0.844778 0 0.535117
    outer loop
      vertex 18.014 7 24.8832
      vertex 17.817 2 25.1942
      vertex 18.014 2 24.8832
    endloop
  endfacet
  facet normal 0.313701 0 -0.949522
    outer loop
      vertex 21.7233 2 36.1116
      vertex 22.0729 7 36.2271
      vertex 22.0729 2 36.2271
    endloop
  endfacet
  facet normal 0.313701 0 -0.949522
    outer loop
      vertex 22.0729 7 36.2271
      vertex 21.7233 2 36.1116
      vertex 21.7233 7 36.1116
    endloop
  endfacet
  facet normal 0.535117 0 0.844778
    outer loop
      vertex 20.0832 7 22.814
      vertex 20.3942 2 22.617
      vertex 20.3942 7 22.617
    endloop
  endfacet
  facet normal 0.535117 0 0.844778
    outer loop
      vertex 20.3942 2 22.617
      vertex 20.0832 7 22.814
      vertex 20.0832 2 22.814
    endloop
  endfacet
  facet normal 0.97568 0 -0.219202
    outer loop
      vertex 16.9748 2 30.8724
      vertex 16.8941 7 30.5132
      vertex 16.9748 7 30.8724
    endloop
  endfacet
  facet normal 0.97568 0 -0.219202
    outer loop
      vertex 16.8941 7 30.5132
      vertex 16.9748 2 30.8724
      vertex 16.8941 2 30.5132
    endloop
  endfacet
  facet normal -0.313701 0 -0.949522
    outer loop
      vertex 26.4271 2 36.2271
      vertex 26.7767 7 36.1116
      vertex 26.7767 2 36.1116
    endloop
  endfacet
  facet normal -0.313701 0 -0.949522
    outer loop
      vertex 26.7767 7 36.1116
      vertex 26.4271 2 36.2271
      vertex 26.4271 7 36.2271
    endloop
  endfacet
  facet normal -0.170871 0 -0.985293
    outer loop
      vertex 25.3505 2 36.4688
      vertex 25.7132 7 36.4059
      vertex 25.7132 2 36.4059
    endloop
  endfacet
  facet normal -0.170871 0 -0.985293
    outer loop
      vertex 25.7132 7 36.4059
      vertex 25.3505 2 36.4688
      vertex 25.3505 7 36.4688
    endloop
  endfacet
  facet normal 0.0736215 0 0.997286
    outer loop
      vertex 23.5149 7 21.5861
      vertex 23.882 2 21.559
      vertex 23.882 7 21.559
    endloop
  endfacet
  facet normal 0.0736215 0 0.997286
    outer loop
      vertex 23.882 2 21.559
      vertex 23.5149 7 21.5861
      vertex 23.5149 2 21.5861
    endloop
  endfacet
  facet normal 0.449603 0 -0.893229
    outer loop
      vertex 20.7145 2 35.6644
      vertex 21.0433 7 35.8299
      vertex 21.0433 2 35.8299
    endloop
  endfacet
  facet normal 0.449603 0 -0.893229
    outer loop
      vertex 21.0433 7 35.8299
      vertex 20.7145 2 35.6644
      vertex 20.7145 7 35.6644
    endloop
  endfacet
  facet normal -0.21926 0 -0.975666
    outer loop
      vertex 91.7132 2 36.4059
      vertex 92.0723 7 36.3252
      vertex 92.0723 2 36.3252
    endloop
  endfacet
  facet normal -0.21926 0 -0.975666
    outer loop
      vertex 92.0723 7 36.3252
      vertex 91.7132 2 36.4059
      vertex 91.7132 7 36.4059
    endloop
  endfacet
  facet normal -0.757202 0 -0.653181
    outer loop
      vertex 96.0476 2 33.8079
      vertex 95.8071 7 34.0867
      vertex 96.0476 7 33.8079
    endloop
  endfacet
  facet normal -0.757202 -0 -0.653181
    outer loop
      vertex 95.8071 7 34.0867
      vertex 96.0476 2 33.8079
      vertex 95.8071 2 34.0867
    endloop
  endfacet
  facet normal -0.757086 0 0.653316
    outer loop
      vertex 95.8071 2 24.0133
      vertex 96.0476 7 24.292
      vertex 95.8071 7 24.0133
    endloop
  endfacet
  facet normal -0.757086 0 0.653316
    outer loop
      vertex 96.0476 7 24.292
      vertex 95.8071 2 24.0133
      vertex 96.0476 2 24.292
    endloop
  endfacet
  facet normal -0.999701 0 0.0244492
    outer loop
      vertex 97.741 2 28.682
      vertex 97.75 7 29.05
      vertex 97.741 7 28.682
    endloop
  endfacet
  facet normal -0.999701 0 0.0244492
    outer loop
      vertex 97.75 7 29.05
      vertex 97.741 2 28.682
      vertex 97.75 2 29.05
    endloop
  endfacet
  facet normal 0.963817 -0 0.266565
    outer loop
      vertex 82.9748 2 27.2276
      vertex 83.0729 7 26.8729
      vertex 82.9748 7 27.2276
    endloop
  endfacet
  facet normal 0.963817 0 0.266565
    outer loop
      vertex 83.0729 7 26.8729
      vertex 82.9748 2 27.2276
      vertex 83.0729 2 26.8729
    endloop
  endfacet
  facet normal 0.689506 0 0.72428
    outer loop
      vertex 84.9467 7 23.7467
      vertex 85.2133 2 23.4929
      vertex 85.2133 7 23.4929
    endloop
  endfacet
  facet normal 0.689506 0 0.72428
    outer loop
      vertex 85.2133 2 23.4929
      vertex 84.9467 7 23.7467
      vertex 84.9467 2 23.7467
    endloop
  endfacet
  facet normal -0.449603 0 0.893229
    outer loop
      vertex 93.4567 7 22.2701
      vertex 93.7855 2 22.4356
      vertex 93.7855 7 22.4356
    endloop
  endfacet
  facet normal -0.449603 0 0.893229
    outer loop
      vertex 93.7855 2 22.4356
      vertex 93.4567 7 22.2701
      vertex 93.4567 2 22.2701
    endloop
  endfacet
  facet normal 0.963817 0 -0.266565
    outer loop
      vertex 83.0729 2 31.2271
      vertex 82.9748 7 30.8724
      vertex 83.0729 7 31.2271
    endloop
  endfacet
  facet normal 0.963817 0 -0.266565
    outer loop
      vertex 82.9748 7 30.8724
      vertex 83.0729 2 31.2271
      vertex 82.9748 2 30.8724
    endloop
  endfacet
  facet normal 0.949522 0 -0.313701
    outer loop
      vertex 83.1884 2 31.5767
      vertex 83.0729 7 31.2271
      vertex 83.1884 7 31.5767
    endloop
  endfacet
  facet normal 0.949522 0 -0.313701
    outer loop
      vertex 83.0729 7 31.2271
      vertex 83.1884 2 31.5767
      vertex 83.0729 2 31.2271
    endloop
  endfacet
  facet normal -0.893229 0 0.449603
    outer loop
      vertex 96.8644 2 25.5145
      vertex 97.0299 7 25.8433
      vertex 96.8644 7 25.5145
    endloop
  endfacet
  facet normal -0.893229 0 0.449603
    outer loop
      vertex 97.0299 7 25.8433
      vertex 96.8644 2 25.5145
      vertex 97.0299 2 25.8433
    endloop
  endfacet
  facet normal -0.575776 0 0.817607
    outer loop
      vertex 94.4168 7 22.814
      vertex 94.7177 2 23.0259
      vertex 94.7177 7 23.0259
    endloop
  endfacet
  facet normal -0.575776 0 0.817607
    outer loop
      vertex 94.7177 2 23.0259
      vertex 94.4168 7 22.814
      vertex 94.4168 2 22.814
    endloop
  endfacet
  facet normal 0.535117 0 0.844778
    outer loop
      vertex 86.0832 7 22.814
      vertex 86.3942 2 22.617
      vertex 86.3942 7 22.617
    endloop
  endfacet
  facet normal 0.535117 0 0.844778
    outer loop
      vertex 86.3942 2 22.617
      vertex 86.0832 7 22.814
      vertex 86.0832 2 22.814
    endloop
  endfacet
  facet normal -0.689506 0 0.72428
    outer loop
      vertex 95.2867 7 23.4929
      vertex 95.5533 2 23.7467
      vertex 95.5533 7 23.7467
    endloop
  endfacet
  facet normal -0.689506 0 0.72428
    outer loop
      vertex 95.5533 2 23.7467
      vertex 95.2867 7 23.4929
      vertex 95.2867 2 23.4929
    endloop
  endfacet
  facet normal -0.997286 0 -0.0736215
    outer loop
      vertex 97.741 2 29.418
      vertex 97.7139 7 29.7851
      vertex 97.741 7 29.418
    endloop
  endfacet
  facet normal -0.997286 -0 -0.0736215
    outer loop
      vertex 97.7139 7 29.7851
      vertex 97.741 2 29.418
      vertex 97.7139 2 29.7851
    endloop
  endfacet
  facet normal -0.844778 0 0.535117
    outer loop
      vertex 96.486 2 24.8832
      vertex 96.683 7 25.1942
      vertex 96.486 7 24.8832
    endloop
  endfacet
  facet normal -0.844778 0 0.535117
    outer loop
      vertex 96.683 7 25.1942
      vertex 96.486 2 24.8832
      vertex 96.683 2 25.1942
    endloop
  endfacet
  facet normal 0.0244492 0 0.999701
    outer loop
      vertex 89.882 7 21.559
      vertex 90.25 2 21.55
      vertex 90.25 7 21.55
    endloop
  endfacet
  facet normal 0.0244492 0 0.999701
    outer loop
      vertex 90.25 2 21.55
      vertex 89.882 7 21.559
      vertex 89.882 2 21.559
    endloop
  endfacet
  facet normal -0.893229 0 -0.449603
    outer loop
      vertex 97.0299 2 32.2567
      vertex 96.8644 7 32.5855
      vertex 97.0299 7 32.2567
    endloop
  endfacet
  facet normal -0.893229 -0 -0.449603
    outer loop
      vertex 96.8644 7 32.5855
      vertex 97.0299 2 32.2567
      vertex 96.8644 2 32.5855
    endloop
  endfacet
  facet normal 0.97568 0 -0.219202
    outer loop
      vertex 82.9748 2 30.8724
      vertex 82.8941 7 30.5132
      vertex 82.9748 7 30.8724
    endloop
  endfacet
  facet normal 0.97568 0 -0.219202
    outer loop
      vertex 82.8941 7 30.5132
      vertex 82.9748 2 30.8724
      vertex 82.8941 2 30.5132
    endloop
  endfacet
  facet normal 0.4928 0 0.870143
    outer loop
      vertex 86.3942 7 22.617
      vertex 86.7145 2 22.4356
      vertex 86.7145 7 22.4356
    endloop
  endfacet
  facet normal 0.4928 0 0.870143
    outer loop
      vertex 86.7145 2 22.4356
      vertex 86.3942 7 22.617
      vertex 86.3942 2 22.617
    endloop
  endfacet
  facet normal -0.266495 0 0.963836
    outer loop
      vertex 92.0723 7 21.7748
      vertex 92.4271 2 21.8729
      vertex 92.4271 7 21.8729
    endloop
  endfacet
  facet normal -0.266495 0 0.963836
    outer loop
      vertex 92.4271 2 21.8729
      vertex 92.0723 7 21.7748
      vertex 92.0723 2 21.7748
    endloop
  endfacet
  facet normal -0.35998 0 0.93296
    outer loop
      vertex 92.7767 7 21.9884
      vertex 93.1201 2 22.1209
      vertex 93.1201 7 22.1209
    endloop
  endfacet
  facet normal -0.35998 0 0.93296
    outer loop
      vertex 93.1201 2 22.1209
      vertex 92.7767 7 21.9884
      vertex 92.7767 2 21.9884
    endloop
  endfacet
  facet normal -0.949522 0 -0.313701
    outer loop
      vertex 97.4271 2 31.2271
      vertex 97.3116 7 31.5767
      vertex 97.4271 7 31.2271
    endloop
  endfacet
  facet normal -0.949522 -0 -0.313701
    outer loop
      vertex 97.3116 7 31.5767
      vertex 97.4271 2 31.2271
      vertex 97.3116 2 31.5767
    endloop
  endfacet
  facet normal 0.870143 0 -0.4928
    outer loop
      vertex 83.817 2 32.9058
      vertex 83.6356 7 32.5855
      vertex 83.817 7 32.9058
    endloop
  endfacet
  facet normal 0.870143 0 -0.4928
    outer loop
      vertex 83.6356 7 32.5855
      vertex 83.817 2 32.9058
      vertex 83.6356 2 32.5855
    endloop
  endfacet
  facet normal 0.122497 0 -0.992469
    outer loop
      vertex 89.1495 2 36.4688
      vertex 89.5149 7 36.5139
      vertex 89.5149 2 36.5139
    endloop
  endfacet
  facet normal 0.122497 0 -0.992469
    outer loop
      vertex 89.5149 7 36.5139
      vertex 89.1495 2 36.4688
      vertex 89.1495 7 36.4688
    endloop
  endfacet
  facet normal 0.997286 0 -0.0736215
    outer loop
      vertex 82.7861 2 29.7851
      vertex 82.759 7 29.418
      vertex 82.7861 7 29.7851
    endloop
  endfacet
  facet normal 0.997286 0 -0.0736215
    outer loop
      vertex 82.759 7 29.418
      vertex 82.7861 2 29.7851
      vertex 82.759 2 29.418
    endloop
  endfacet
  facet normal 0.992469 0 -0.122497
    outer loop
      vertex 82.8312 2 30.1505
      vertex 82.7861 7 29.7851
      vertex 82.8312 7 30.1505
    endloop
  endfacet
  facet normal 0.992469 0 -0.122497
    outer loop
      vertex 82.7861 7 29.7851
      vertex 82.8312 2 30.1505
      vertex 82.7861 2 29.7851
    endloop
  endfacet
  facet normal 0.817607 -0 0.575776
    outer loop
      vertex 84.014 2 24.8832
      vertex 84.2259 7 24.5823
      vertex 84.014 7 24.8832
    endloop
  endfacet
  facet normal 0.817607 0 0.575776
    outer loop
      vertex 84.2259 7 24.5823
      vertex 84.014 2 24.8832
      vertex 84.2259 2 24.5823
    endloop
  endfacet
  facet normal -0.0244492 0 0.999701
    outer loop
      vertex 90.25 7 21.55
      vertex 90.618 2 21.559
      vertex 90.618 7 21.559
    endloop
  endfacet
  facet normal -0.0244492 0 0.999701
    outer loop
      vertex 90.618 2 21.559
      vertex 90.25 7 21.55
      vertex 90.25 2 21.55
    endloop
  endfacet
  facet normal -0.0736215 0 0.997286
    outer loop
      vertex 90.618 7 21.559
      vertex 90.9851 2 21.5861
      vertex 90.9851 7 21.5861
    endloop
  endfacet
  facet normal -0.0736215 0 0.997286
    outer loop
      vertex 90.9851 2 21.5861
      vertex 90.618 7 21.559
      vertex 90.618 2 21.559
    endloop
  endfacet
  facet normal -0.999701 0 -0.0244492
    outer loop
      vertex 97.75 2 29.05
      vertex 97.741 7 29.418
      vertex 97.75 7 29.05
    endloop
  endfacet
  facet normal -0.999701 -0 -0.0244492
    outer loop
      vertex 97.741 7 29.418
      vertex 97.75 2 29.05
      vertex 97.741 2 29.418
    endloop
  endfacet
  facet normal 0.615275 0 0.788313
    outer loop
      vertex 85.4921 7 23.2524
      vertex 85.7823 2 23.0259
      vertex 85.7823 7 23.0259
    endloop
  endfacet
  facet normal 0.615275 0 0.788313
    outer loop
      vertex 85.7823 2 23.0259
      vertex 85.4921 7 23.2524
      vertex 85.4921 2 23.2524
    endloop
  endfacet
  facet normal -0.985293 0 0.170871
    outer loop
      vertex 97.6059 2 27.5868
      vertex 97.6688 7 27.9495
      vertex 97.6059 7 27.5868
    endloop
  endfacet
  facet normal -0.985293 0 0.170871
    outer loop
      vertex 97.6688 7 27.9495
      vertex 97.6059 2 27.5868
      vertex 97.6688 2 27.9495
    endloop
  endfacet
  facet normal -0.0244492 0 -0.999701
    outer loop
      vertex 90.25 2 36.55
      vertex 90.618 7 36.541
      vertex 90.618 2 36.541
    endloop
  endfacet
  facet normal -0.0244492 0 -0.999701
    outer loop
      vertex 90.618 7 36.541
      vertex 90.25 2 36.55
      vertex 90.25 7 36.55
    endloop
  endfacet
  facet normal 0.788313 0 -0.615275
    outer loop
      vertex 84.4524 2 33.8079
      vertex 84.2259 7 33.5177
      vertex 84.4524 7 33.8079
    endloop
  endfacet
  facet normal 0.788313 0 -0.615275
    outer loop
      vertex 84.2259 7 33.5177
      vertex 84.4524 2 33.8079
      vertex 84.2259 2 33.5177
    endloop
  endfacet
  facet normal -0.72428 0 -0.689506
    outer loop
      vertex 95.8071 2 34.0867
      vertex 95.5533 7 34.3533
      vertex 95.8071 7 34.0867
    endloop
  endfacet
  facet normal -0.72428 -0 -0.689506
    outer loop
      vertex 95.5533 7 34.3533
      vertex 95.8071 2 34.0867
      vertex 95.5533 2 34.3533
    endloop
  endfacet
  facet normal -0.689506 0 -0.72428
    outer loop
      vertex 95.2867 2 34.6071
      vertex 95.5533 7 34.3533
      vertex 95.5533 2 34.3533
    endloop
  endfacet
  facet normal -0.689506 0 -0.72428
    outer loop
      vertex 95.5533 7 34.3533
      vertex 95.2867 2 34.6071
      vertex 95.2867 7 34.6071
    endloop
  endfacet
  facet normal -0.817607 0 0.575776
    outer loop
      vertex 96.2741 2 24.5823
      vertex 96.486 7 24.8832
      vertex 96.2741 7 24.5823
    endloop
  endfacet
  facet normal -0.817607 0 0.575776
    outer loop
      vertex 96.486 7 24.8832
      vertex 96.2741 2 24.5823
      vertex 96.486 2 24.8832
    endloop
  endfacet
  facet normal 0.992469 -0 0.122497
    outer loop
      vertex 82.7861 2 28.3149
      vertex 82.8312 7 27.9495
      vertex 82.7861 7 28.3149
    endloop
  endfacet
  facet normal 0.992469 0 0.122497
    outer loop
      vertex 82.8312 7 27.9495
      vertex 82.7861 2 28.3149
      vertex 82.8312 2 27.9495
    endloop
  endfacet
  facet normal 0.893229 0 -0.449603
    outer loop
      vertex 83.6356 2 32.5855
      vertex 83.4701 7 32.2567
      vertex 83.6356 7 32.5855
    endloop
  endfacet
  facet normal 0.893229 0 -0.449603
    outer loop
      vertex 83.4701 7 32.2567
      vertex 83.6356 2 32.5855
      vertex 83.4701 2 32.2567
    endloop
  endfacet
  facet normal -0.992469 0 -0.122497
    outer loop
      vertex 97.7139 2 29.7851
      vertex 97.6688 7 30.1505
      vertex 97.7139 7 29.7851
    endloop
  endfacet
  facet normal -0.992469 -0 -0.122497
    outer loop
      vertex 97.6688 7 30.1505
      vertex 97.7139 2 29.7851
      vertex 97.6688 2 30.1505
    endloop
  endfacet
  facet normal -0.997286 0 0.0736215
    outer loop
      vertex 97.7139 2 28.3149
      vertex 97.741 7 28.682
      vertex 97.7139 7 28.3149
    endloop
  endfacet
  facet normal -0.997286 0 0.0736215
    outer loop
      vertex 97.741 7 28.682
      vertex 97.7139 2 28.3149
      vertex 97.741 2 28.682
    endloop
  endfacet
  facet normal -0.97568 0 -0.219202
    outer loop
      vertex 97.6059 2 30.5132
      vertex 97.5252 7 30.8724
      vertex 97.6059 7 30.5132
    endloop
  endfacet
  facet normal -0.97568 -0 -0.219202
    outer loop
      vertex 97.5252 7 30.8724
      vertex 97.6059 2 30.5132
      vertex 97.5252 2 30.8724
    endloop
  endfacet
  facet normal 0.999701 0 -0.0244492
    outer loop
      vertex 82.759 2 29.418
      vertex 82.75 7 29.05
      vertex 82.759 7 29.418
    endloop
  endfacet
  facet normal 0.999701 0 -0.0244492
    outer loop
      vertex 82.75 7 29.05
      vertex 82.759 2 29.418
      vertex 82.75 2 29.05
    endloop
  endfacet
  facet normal -0.963817 0 -0.266565
    outer loop
      vertex 97.5252 2 30.8724
      vertex 97.4271 7 31.2271
      vertex 97.5252 7 30.8724
    endloop
  endfacet
  facet normal -0.963817 -0 -0.266565
    outer loop
      vertex 97.4271 7 31.2271
      vertex 97.5252 2 30.8724
      vertex 97.4271 2 31.2271
    endloop
  endfacet
  facet normal 0.985293 -0 0.170871
    outer loop
      vertex 82.8312 2 27.9495
      vertex 82.8941 7 27.5868
      vertex 82.8312 7 27.9495
    endloop
  endfacet
  facet normal 0.985293 0 0.170871
    outer loop
      vertex 82.8941 7 27.5868
      vertex 82.8312 2 27.9495
      vertex 82.8941 2 27.5868
    endloop
  endfacet
  facet normal -0.35998 0 -0.93296
    outer loop
      vertex 92.7767 2 36.1116
      vertex 93.1201 7 35.9791
      vertex 93.1201 2 35.9791
    endloop
  endfacet
  facet normal -0.35998 0 -0.93296
    outer loop
      vertex 93.1201 7 35.9791
      vertex 92.7767 2 36.1116
      vertex 92.7767 7 36.1116
    endloop
  endfacet
  facet normal -0.615275 0 0.788313
    outer loop
      vertex 94.7177 7 23.0259
      vertex 95.0079 2 23.2524
      vertex 95.0079 7 23.2524
    endloop
  endfacet
  facet normal -0.615275 0 0.788313
    outer loop
      vertex 95.0079 2 23.2524
      vertex 94.7177 7 23.0259
      vertex 94.7177 2 23.0259
    endloop
  endfacet
  facet normal -0.93296 0 -0.35998
    outer loop
      vertex 97.3116 2 31.5767
      vertex 97.1791 7 31.9201
      vertex 97.3116 7 31.5767
    endloop
  endfacet
  facet normal -0.93296 -0 -0.35998
    outer loop
      vertex 97.1791 7 31.9201
      vertex 97.3116 2 31.5767
      vertex 97.1791 2 31.9201
    endloop
  endfacet
  facet normal -0.575776 0 -0.817607
    outer loop
      vertex 94.4168 2 35.286
      vertex 94.7177 7 35.0741
      vertex 94.7177 2 35.0741
    endloop
  endfacet
  facet normal -0.575776 0 -0.817607
    outer loop
      vertex 94.7177 7 35.0741
      vertex 94.4168 2 35.286
      vertex 94.4168 7 35.286
    endloop
  endfacet
  facet normal -0.992469 0 0.122497
    outer loop
      vertex 97.6688 2 27.9495
      vertex 97.7139 7 28.3149
      vertex 97.6688 7 27.9495
    endloop
  endfacet
  facet normal -0.992469 0 0.122497
    outer loop
      vertex 97.7139 7 28.3149
      vertex 97.6688 2 27.9495
      vertex 97.7139 2 28.3149
    endloop
  endfacet
  facet normal -0.535117 0 0.844778
    outer loop
      vertex 94.1058 7 22.617
      vertex 94.4168 2 22.814
      vertex 94.4168 7 22.814
    endloop
  endfacet
  facet normal -0.535117 0 0.844778
    outer loop
      vertex 94.4168 2 22.814
      vertex 94.1058 7 22.617
      vertex 94.1058 2 22.617
    endloop
  endfacet
  facet normal -0.535117 0 -0.844778
    outer loop
      vertex 94.1058 2 35.483
      vertex 94.4168 7 35.286
      vertex 94.4168 2 35.286
    endloop
  endfacet
  facet normal -0.535117 0 -0.844778
    outer loop
      vertex 94.4168 7 35.286
      vertex 94.1058 2 35.483
      vertex 94.1058 7 35.483
    endloop
  endfacet
  facet normal 0.0736215 0 0.997286
    outer loop
      vertex 89.5149 7 21.5861
      vertex 89.882 2 21.559
      vertex 89.882 7 21.559
    endloop
  endfacet
  facet normal 0.0736215 0 0.997286
    outer loop
      vertex 89.882 2 21.559
      vertex 89.5149 7 21.5861
      vertex 89.5149 2 21.5861
    endloop
  endfacet
  facet normal 0.985293 0 -0.170871
    outer loop
      vertex 82.8941 2 30.5132
      vertex 82.8312 7 30.1505
      vertex 82.8941 7 30.5132
    endloop
  endfacet
  facet normal 0.985293 0 -0.170871
    outer loop
      vertex 82.8312 7 30.1505
      vertex 82.8941 2 30.5132
      vertex 82.8312 2 30.1505
    endloop
  endfacet
  facet normal 0.615275 0 -0.788313
    outer loop
      vertex 85.4921 2 34.8476
      vertex 85.7823 7 35.0741
      vertex 85.7823 2 35.0741
    endloop
  endfacet
  facet normal 0.615275 0 -0.788313
    outer loop
      vertex 85.7823 7 35.0741
      vertex 85.4921 2 34.8476
      vertex 85.4921 7 34.8476
    endloop
  endfacet
  facet normal -0.97568 0 0.219202
    outer loop
      vertex 97.5252 2 27.2276
      vertex 97.6059 7 27.5868
      vertex 97.5252 7 27.2276
    endloop
  endfacet
  facet normal -0.97568 0 0.219202
    outer loop
      vertex 97.6059 7 27.5868
      vertex 97.5252 2 27.2276
      vertex 97.6059 2 27.5868
    endloop
  endfacet
  facet normal 0.449603 0 0.893229
    outer loop
      vertex 86.7145 7 22.4356
      vertex 87.0433 2 22.2701
      vertex 87.0433 7 22.2701
    endloop
  endfacet
  facet normal 0.449603 0 0.893229
    outer loop
      vertex 87.0433 2 22.2701
      vertex 86.7145 7 22.4356
      vertex 86.7145 2 22.4356
    endloop
  endfacet
  facet normal -0.72428 0 0.689506
    outer loop
      vertex 95.5533 2 23.7467
      vertex 95.8071 7 24.0133
      vertex 95.5533 7 23.7467
    endloop
  endfacet
  facet normal -0.72428 0 0.689506
    outer loop
      vertex 95.8071 7 24.0133
      vertex 95.5533 2 23.7467
      vertex 95.8071 2 24.0133
    endloop
  endfacet
  facet normal 0.689506 0 -0.72428
    outer loop
      vertex 84.9467 2 34.3533
      vertex 85.2133 7 34.6071
      vertex 85.2133 2 34.6071
    endloop
  endfacet
  facet normal 0.689506 0 -0.72428
    outer loop
      vertex 85.2133 7 34.6071
      vertex 84.9467 2 34.3533
      vertex 84.9467 7 34.3533
    endloop
  endfacet
  facet normal -0.870143 0 -0.4928
    outer loop
      vertex 96.8644 2 32.5855
      vertex 96.683 7 32.9058
      vertex 96.8644 7 32.5855
    endloop
  endfacet
  facet normal -0.870143 -0 -0.4928
    outer loop
      vertex 96.683 7 32.9058
      vertex 96.8644 2 32.5855
      vertex 96.683 2 32.9058
    endloop
  endfacet
  facet normal 0.999701 -0 0.0244492
    outer loop
      vertex 82.75 2 29.05
      vertex 82.759 7 28.682
      vertex 82.75 7 29.05
    endloop
  endfacet
  facet normal 0.999701 0 0.0244492
    outer loop
      vertex 82.759 7 28.682
      vertex 82.75 2 29.05
      vertex 82.759 2 28.682
    endloop
  endfacet
  facet normal -0.405231 0 0.914214
    outer loop
      vertex 93.1201 7 22.1209
      vertex 93.4567 2 22.2701
      vertex 93.4567 7 22.2701
    endloop
  endfacet
  facet normal -0.405231 0 0.914214
    outer loop
      vertex 93.4567 2 22.2701
      vertex 93.1201 7 22.1209
      vertex 93.1201 2 22.1209
    endloop
  endfacet
  facet normal -0.963817 0 0.266565
    outer loop
      vertex 97.4271 2 26.8729
      vertex 97.5252 7 27.2276
      vertex 97.4271 7 26.8729
    endloop
  endfacet
  facet normal -0.963817 0 0.266565
    outer loop
      vertex 97.5252 7 27.2276
      vertex 97.4271 2 26.8729
      vertex 97.5252 2 27.2276
    endloop
  endfacet
  facet normal -0.870143 0 0.4928
    outer loop
      vertex 96.683 2 25.1942
      vertex 96.8644 7 25.5145
      vertex 96.683 7 25.1942
    endloop
  endfacet
  facet normal -0.870143 0 0.4928
    outer loop
      vertex 96.8644 7 25.5145
      vertex 96.683 2 25.1942
      vertex 96.8644 2 25.5145
    endloop
  endfacet
  facet normal -0.914214 0 0.405231
    outer loop
      vertex 97.0299 2 25.8433
      vertex 97.1791 7 26.1799
      vertex 97.0299 7 25.8433
    endloop
  endfacet
  facet normal -0.914214 0 0.405231
    outer loop
      vertex 97.1791 7 26.1799
      vertex 97.0299 2 25.8433
      vertex 97.1791 2 26.1799
    endloop
  endfacet
  facet normal -0.313701 0 0.949522
    outer loop
      vertex 92.4271 7 21.8729
      vertex 92.7767 2 21.9884
      vertex 92.7767 7 21.9884
    endloop
  endfacet
  facet normal -0.313701 0 0.949522
    outer loop
      vertex 92.7767 2 21.9884
      vertex 92.4271 7 21.8729
      vertex 92.4271 2 21.8729
    endloop
  endfacet
  facet normal -0.122497 0 -0.992469
    outer loop
      vertex 90.9851 2 36.5139
      vertex 91.3505 7 36.4688
      vertex 91.3505 2 36.4688
    endloop
  endfacet
  facet normal -0.122497 0 -0.992469
    outer loop
      vertex 91.3505 7 36.4688
      vertex 90.9851 2 36.5139
      vertex 90.9851 7 36.5139
    endloop
  endfacet
  facet normal -0.844778 0 -0.535117
    outer loop
      vertex 96.683 2 32.9058
      vertex 96.486 7 33.2168
      vertex 96.683 7 32.9058
    endloop
  endfacet
  facet normal -0.844778 -0 -0.535117
    outer loop
      vertex 96.486 7 33.2168
      vertex 96.683 2 32.9058
      vertex 96.486 2 33.2168
    endloop
  endfacet
  facet normal -0.817607 0 -0.575776
    outer loop
      vertex 96.486 2 33.2168
      vertex 96.2741 7 33.5177
      vertex 96.486 7 33.2168
    endloop
  endfacet
  facet normal -0.817607 -0 -0.575776
    outer loop
      vertex 96.2741 7 33.5177
      vertex 96.486 2 33.2168
      vertex 96.2741 2 33.5177
    endloop
  endfacet
  facet normal -0.653181 0 -0.757202
    outer loop
      vertex 95.0079 2 34.8476
      vertex 95.2867 7 34.6071
      vertex 95.2867 2 34.6071
    endloop
  endfacet
  facet normal -0.653181 0 -0.757202
    outer loop
      vertex 95.2867 7 34.6071
      vertex 95.0079 2 34.8476
      vertex 95.0079 7 34.8476
    endloop
  endfacet
  facet normal -0.313701 0 -0.949522
    outer loop
      vertex 92.4271 2 36.2271
      vertex 92.7767 7 36.1116
      vertex 92.7767 2 36.1116
    endloop
  endfacet
  facet normal -0.313701 0 -0.949522
    outer loop
      vertex 92.7767 7 36.1116
      vertex 92.4271 2 36.2271
      vertex 92.4271 7 36.2271
    endloop
  endfacet
  facet normal -0.949522 0 0.313701
    outer loop
      vertex 97.3116 2 26.5233
      vertex 97.4271 7 26.8729
      vertex 97.3116 7 26.5233
    endloop
  endfacet
  facet normal -0.949522 0 0.313701
    outer loop
      vertex 97.4271 7 26.8729
      vertex 97.3116 2 26.5233
      vertex 97.4271 2 26.8729
    endloop
  endfacet
  facet normal -0.93296 0 0.35998
    outer loop
      vertex 97.1791 2 26.1799
      vertex 97.3116 7 26.5233
      vertex 97.1791 7 26.1799
    endloop
  endfacet
  facet normal -0.93296 0 0.35998
    outer loop
      vertex 97.3116 7 26.5233
      vertex 97.1791 2 26.1799
      vertex 97.3116 2 26.5233
    endloop
  endfacet
  facet normal 0.757202 0 -0.653181
    outer loop
      vertex 84.6929 2 34.0867
      vertex 84.4524 7 33.8079
      vertex 84.6929 7 34.0867
    endloop
  endfacet
  facet normal 0.757202 0 -0.653181
    outer loop
      vertex 84.4524 7 33.8079
      vertex 84.6929 2 34.0867
      vertex 84.4524 2 33.8079
    endloop
  endfacet
  facet normal -0.615275 0 -0.788313
    outer loop
      vertex 94.7177 2 35.0741
      vertex 95.0079 7 34.8476
      vertex 95.0079 2 34.8476
    endloop
  endfacet
  facet normal -0.615275 0 -0.788313
    outer loop
      vertex 95.0079 7 34.8476
      vertex 94.7177 2 35.0741
      vertex 94.7177 7 35.0741
    endloop
  endfacet
  facet normal -0.985293 0 -0.170871
    outer loop
      vertex 97.6688 2 30.1505
      vertex 97.6059 7 30.5132
      vertex 97.6688 7 30.1505
    endloop
  endfacet
  facet normal -0.985293 -0 -0.170871
    outer loop
      vertex 97.6059 7 30.5132
      vertex 97.6688 2 30.1505
      vertex 97.6059 2 30.5132
    endloop
  endfacet
  facet normal 0.21926 0 0.975666
    outer loop
      vertex 88.4277 7 21.7748
      vertex 88.7868 2 21.6941
      vertex 88.7868 7 21.6941
    endloop
  endfacet
  facet normal 0.21926 0 0.975666
    outer loop
      vertex 88.7868 2 21.6941
      vertex 88.4277 7 21.7748
      vertex 88.4277 2 21.7748
    endloop
  endfacet
  facet normal 0.870143 -0 0.4928
    outer loop
      vertex 83.6356 2 25.5145
      vertex 83.817 7 25.1942
      vertex 83.6356 7 25.5145
    endloop
  endfacet
  facet normal 0.870143 0 0.4928
    outer loop
      vertex 83.817 7 25.1942
      vertex 83.6356 2 25.5145
      vertex 83.817 2 25.1942
    endloop
  endfacet
  facet normal -0.4928 0 -0.870143
    outer loop
      vertex 93.7855 2 35.6644
      vertex 94.1058 7 35.483
      vertex 94.1058 2 35.483
    endloop
  endfacet
  facet normal -0.4928 0 -0.870143
    outer loop
      vertex 94.1058 7 35.483
      vertex 93.7855 2 35.6644
      vertex 93.7855 7 35.6644
    endloop
  endfacet
  facet normal 0.266495 0 -0.963836
    outer loop
      vertex 88.0729 2 36.2271
      vertex 88.4277 7 36.3252
      vertex 88.4277 2 36.3252
    endloop
  endfacet
  facet normal 0.266495 0 -0.963836
    outer loop
      vertex 88.4277 7 36.3252
      vertex 88.0729 2 36.2271
      vertex 88.0729 7 36.2271
    endloop
  endfacet
  facet normal 0.170871 0 -0.985293
    outer loop
      vertex 88.7868 2 36.4059
      vertex 89.1495 7 36.4688
      vertex 89.1495 2 36.4688
    endloop
  endfacet
  facet normal 0.170871 0 -0.985293
    outer loop
      vertex 89.1495 7 36.4688
      vertex 88.7868 2 36.4059
      vertex 88.7868 7 36.4059
    endloop
  endfacet
  facet normal 0.914214 -0 0.405231
    outer loop
      vertex 83.3209 2 26.1799
      vertex 83.4701 7 25.8433
      vertex 83.3209 7 26.1799
    endloop
  endfacet
  facet normal 0.914214 0 0.405231
    outer loop
      vertex 83.4701 7 25.8433
      vertex 83.3209 2 26.1799
      vertex 83.4701 2 25.8433
    endloop
  endfacet
  facet normal -0.405231 0 -0.914214
    outer loop
      vertex 93.1201 2 35.9791
      vertex 93.4567 7 35.8299
      vertex 93.4567 2 35.8299
    endloop
  endfacet
  facet normal -0.405231 0 -0.914214
    outer loop
      vertex 93.4567 7 35.8299
      vertex 93.1201 2 35.9791
      vertex 93.1201 7 35.9791
    endloop
  endfacet
  facet normal 0.405231 0 -0.914214
    outer loop
      vertex 87.0433 2 35.8299
      vertex 87.3799 7 35.9791
      vertex 87.3799 2 35.9791
    endloop
  endfacet
  facet normal 0.405231 0 -0.914214
    outer loop
      vertex 87.3799 7 35.9791
      vertex 87.0433 2 35.8299
      vertex 87.0433 7 35.8299
    endloop
  endfacet
  facet normal 0.35998 0 -0.93296
    outer loop
      vertex 87.3799 2 35.9791
      vertex 87.7233 7 36.1116
      vertex 87.7233 2 36.1116
    endloop
  endfacet
  facet normal 0.35998 0 -0.93296
    outer loop
      vertex 87.7233 7 36.1116
      vertex 87.3799 2 35.9791
      vertex 87.3799 7 35.9791
    endloop
  endfacet
  facet normal 0.757086 -0 0.653316
    outer loop
      vertex 84.4524 2 24.292
      vertex 84.6929 7 24.0133
      vertex 84.4524 7 24.292
    endloop
  endfacet
  facet normal 0.757086 0 0.653316
    outer loop
      vertex 84.6929 7 24.0133
      vertex 84.4524 2 24.292
      vertex 84.6929 2 24.0133
    endloop
  endfacet
  facet normal -0.21926 0 0.975666
    outer loop
      vertex 91.7132 7 21.6941
      vertex 92.0723 2 21.7748
      vertex 92.0723 7 21.7748
    endloop
  endfacet
  facet normal -0.21926 0 0.975666
    outer loop
      vertex 92.0723 2 21.7748
      vertex 91.7132 7 21.6941
      vertex 91.7132 2 21.6941
    endloop
  endfacet
  facet normal 0.72428 0 -0.689506
    outer loop
      vertex 84.9467 2 34.3533
      vertex 84.6929 7 34.0867
      vertex 84.9467 7 34.3533
    endloop
  endfacet
  facet normal 0.72428 0 -0.689506
    outer loop
      vertex 84.6929 7 34.0867
      vertex 84.9467 2 34.3533
      vertex 84.6929 2 34.0867
    endloop
  endfacet
  facet normal 0.575776 0 0.817607
    outer loop
      vertex 85.7823 7 23.0259
      vertex 86.0832 2 22.814
      vertex 86.0832 7 22.814
    endloop
  endfacet
  facet normal 0.575776 0 0.817607
    outer loop
      vertex 86.0832 2 22.814
      vertex 85.7823 7 23.0259
      vertex 85.7823 2 23.0259
    endloop
  endfacet
  facet normal -0.122497 0 0.992469
    outer loop
      vertex 90.9851 7 21.5861
      vertex 91.3505 2 21.6312
      vertex 91.3505 7 21.6312
    endloop
  endfacet
  facet normal -0.122497 0 0.992469
    outer loop
      vertex 91.3505 2 21.6312
      vertex 90.9851 7 21.5861
      vertex 90.9851 2 21.5861
    endloop
  endfacet
  facet normal 0.266495 0 0.963836
    outer loop
      vertex 88.0729 7 21.8729
      vertex 88.4277 2 21.7748
      vertex 88.4277 7 21.7748
    endloop
  endfacet
  facet normal 0.266495 0 0.963836
    outer loop
      vertex 88.4277 2 21.7748
      vertex 88.0729 7 21.8729
      vertex 88.0729 2 21.8729
    endloop
  endfacet
  facet normal 0.949522 -0 0.313701
    outer loop
      vertex 83.0729 2 26.8729
      vertex 83.1884 7 26.5233
      vertex 83.0729 7 26.8729
    endloop
  endfacet
  facet normal 0.949522 0 0.313701
    outer loop
      vertex 83.1884 7 26.5233
      vertex 83.0729 2 26.8729
      vertex 83.1884 2 26.5233
    endloop
  endfacet
  facet normal -0.170871 0 -0.985293
    outer loop
      vertex 91.3505 2 36.4688
      vertex 91.7132 7 36.4059
      vertex 91.7132 2 36.4059
    endloop
  endfacet
  facet normal -0.170871 0 -0.985293
    outer loop
      vertex 91.7132 7 36.4059
      vertex 91.3505 2 36.4688
      vertex 91.3505 7 36.4688
    endloop
  endfacet
  facet normal 0.535117 0 -0.844778
    outer loop
      vertex 86.0832 2 35.286
      vertex 86.3942 7 35.483
      vertex 86.3942 2 35.483
    endloop
  endfacet
  facet normal 0.535117 0 -0.844778
    outer loop
      vertex 86.3942 7 35.483
      vertex 86.0832 2 35.286
      vertex 86.0832 7 35.286
    endloop
  endfacet
  facet normal 0.0736215 0 -0.997286
    outer loop
      vertex 89.5149 2 36.5139
      vertex 89.882 7 36.541
      vertex 89.882 2 36.541
    endloop
  endfacet
  facet normal 0.0736215 0 -0.997286
    outer loop
      vertex 89.882 7 36.541
      vertex 89.5149 2 36.5139
      vertex 89.5149 7 36.5139
    endloop
  endfacet
  facet normal 0.21926 0 -0.975666
    outer loop
      vertex 88.4277 2 36.3252
      vertex 88.7868 7 36.4059
      vertex 88.7868 2 36.4059
    endloop
  endfacet
  facet normal 0.21926 0 -0.975666
    outer loop
      vertex 88.7868 7 36.4059
      vertex 88.4277 2 36.3252
      vertex 88.4277 7 36.3252
    endloop
  endfacet
  facet normal -0.449603 0 -0.893229
    outer loop
      vertex 93.4567 2 35.8299
      vertex 93.7855 7 35.6644
      vertex 93.7855 2 35.6644
    endloop
  endfacet
  facet normal -0.449603 0 -0.893229
    outer loop
      vertex 93.7855 7 35.6644
      vertex 93.4567 2 35.8299
      vertex 93.4567 7 35.8299
    endloop
  endfacet
  facet normal -0.4928 0 0.870143
    outer loop
      vertex 93.7855 7 22.4356
      vertex 94.1058 2 22.617
      vertex 94.1058 7 22.617
    endloop
  endfacet
  facet normal -0.4928 0 0.870143
    outer loop
      vertex 94.1058 2 22.617
      vertex 93.7855 7 22.4356
      vertex 93.7855 2 22.4356
    endloop
  endfacet
  facet normal 0.817607 0 -0.575776
    outer loop
      vertex 84.2259 2 33.5177
      vertex 84.014 7 33.2168
      vertex 84.2259 7 33.5177
    endloop
  endfacet
  facet normal 0.817607 0 -0.575776
    outer loop
      vertex 84.014 7 33.2168
      vertex 84.2259 2 33.5177
      vertex 84.014 2 33.2168
    endloop
  endfacet
  facet normal 0.914214 0 -0.405231
    outer loop
      vertex 83.4701 2 32.2567
      vertex 83.3209 7 31.9201
      vertex 83.4701 7 32.2567
    endloop
  endfacet
  facet normal 0.914214 0 -0.405231
    outer loop
      vertex 83.3209 7 31.9201
      vertex 83.4701 2 32.2567
      vertex 83.3209 2 31.9201
    endloop
  endfacet
  facet normal -0.914214 0 -0.405231
    outer loop
      vertex 97.1791 2 31.9201
      vertex 97.0299 7 32.2567
      vertex 97.1791 7 31.9201
    endloop
  endfacet
  facet normal -0.914214 -0 -0.405231
    outer loop
      vertex 97.0299 7 32.2567
      vertex 97.1791 2 31.9201
      vertex 97.0299 2 32.2567
    endloop
  endfacet
  facet normal 0.788415 -0 0.615143
    outer loop
      vertex 84.2259 2 24.5823
      vertex 84.4524 7 24.292
      vertex 84.2259 7 24.5823
    endloop
  endfacet
  facet normal 0.788415 0 0.615143
    outer loop
      vertex 84.4524 7 24.292
      vertex 84.2259 2 24.5823
      vertex 84.4524 2 24.292
    endloop
  endfacet
  facet normal -0.788313 0 -0.615275
    outer loop
      vertex 96.2741 2 33.5177
      vertex 96.0476 7 33.8079
      vertex 96.2741 7 33.5177
    endloop
  endfacet
  facet normal -0.788313 -0 -0.615275
    outer loop
      vertex 96.0476 7 33.8079
      vertex 96.2741 2 33.5177
      vertex 96.0476 2 33.8079
    endloop
  endfacet
  facet normal -0.266495 0 -0.963836
    outer loop
      vertex 92.0723 2 36.3252
      vertex 92.4271 7 36.2271
      vertex 92.4271 2 36.2271
    endloop
  endfacet
  facet normal -0.266495 0 -0.963836
    outer loop
      vertex 92.4271 7 36.2271
      vertex 92.0723 2 36.3252
      vertex 92.0723 7 36.3252
    endloop
  endfacet
  facet normal 0.97568 -0 0.219202
    outer loop
      vertex 82.8941 2 27.5868
      vertex 82.9748 7 27.2276
      vertex 82.8941 7 27.5868
    endloop
  endfacet
  facet normal 0.97568 0 0.219202
    outer loop
      vertex 82.9748 7 27.2276
      vertex 82.8941 2 27.5868
      vertex 82.9748 2 27.2276
    endloop
  endfacet
  facet normal 0.0244492 0 -0.999701
    outer loop
      vertex 89.882 2 36.541
      vertex 90.25 7 36.55
      vertex 90.25 2 36.55
    endloop
  endfacet
  facet normal 0.0244492 0 -0.999701
    outer loop
      vertex 90.25 7 36.55
      vertex 89.882 2 36.541
      vertex 89.882 7 36.541
    endloop
  endfacet
  facet normal 0.653181 0 0.757202
    outer loop
      vertex 85.2133 7 23.4929
      vertex 85.4921 2 23.2524
      vertex 85.4921 7 23.2524
    endloop
  endfacet
  facet normal 0.653181 0 0.757202
    outer loop
      vertex 85.4921 2 23.2524
      vertex 85.2133 7 23.4929
      vertex 85.2133 2 23.4929
    endloop
  endfacet
  facet normal -0.170871 0 0.985293
    outer loop
      vertex 91.3505 7 21.6312
      vertex 91.7132 2 21.6941
      vertex 91.7132 7 21.6941
    endloop
  endfacet
  facet normal -0.170871 0 0.985293
    outer loop
      vertex 91.7132 2 21.6941
      vertex 91.3505 7 21.6312
      vertex 91.3505 2 21.6312
    endloop
  endfacet
  facet normal 0.72428 -0 0.689506
    outer loop
      vertex 84.6929 2 24.0133
      vertex 84.9467 7 23.7467
      vertex 84.6929 7 24.0133
    endloop
  endfacet
  facet normal 0.72428 0 0.689506
    outer loop
      vertex 84.9467 7 23.7467
      vertex 84.6929 2 24.0133
      vertex 84.9467 2 23.7467
    endloop
  endfacet
  facet normal 0.4928 0 -0.870143
    outer loop
      vertex 86.3942 2 35.483
      vertex 86.7145 7 35.6644
      vertex 86.7145 2 35.6644
    endloop
  endfacet
  facet normal 0.4928 0 -0.870143
    outer loop
      vertex 86.7145 7 35.6644
      vertex 86.3942 2 35.483
      vertex 86.3942 7 35.483
    endloop
  endfacet
  facet normal -0.0736215 0 -0.997286
    outer loop
      vertex 90.618 2 36.541
      vertex 90.9851 7 36.5139
      vertex 90.9851 2 36.5139
    endloop
  endfacet
  facet normal -0.0736215 0 -0.997286
    outer loop
      vertex 90.9851 7 36.5139
      vertex 90.618 2 36.541
      vertex 90.618 7 36.541
    endloop
  endfacet
  facet normal 0.893229 -0 0.449603
    outer loop
      vertex 83.4701 2 25.8433
      vertex 83.6356 7 25.5145
      vertex 83.4701 7 25.8433
    endloop
  endfacet
  facet normal 0.893229 0 0.449603
    outer loop
      vertex 83.6356 7 25.5145
      vertex 83.4701 2 25.8433
      vertex 83.6356 2 25.5145
    endloop
  endfacet
  facet normal 0.93296 -0 0.35998
    outer loop
      vertex 83.1884 2 26.5233
      vertex 83.3209 7 26.1799
      vertex 83.1884 7 26.5233
    endloop
  endfacet
  facet normal 0.93296 0 0.35998
    outer loop
      vertex 83.3209 7 26.1799
      vertex 83.1884 2 26.5233
      vertex 83.3209 2 26.1799
    endloop
  endfacet
  facet normal 0.93296 0 -0.35998
    outer loop
      vertex 83.3209 2 31.9201
      vertex 83.1884 7 31.5767
      vertex 83.3209 7 31.9201
    endloop
  endfacet
  facet normal 0.93296 0 -0.35998
    outer loop
      vertex 83.1884 7 31.5767
      vertex 83.3209 2 31.9201
      vertex 83.1884 2 31.5767
    endloop
  endfacet
  facet normal 0.575776 0 -0.817607
    outer loop
      vertex 85.7823 2 35.0741
      vertex 86.0832 7 35.286
      vertex 86.0832 2 35.286
    endloop
  endfacet
  facet normal 0.575776 0 -0.817607
    outer loop
      vertex 86.0832 7 35.286
      vertex 85.7823 2 35.0741
      vertex 85.7823 7 35.0741
    endloop
  endfacet
  facet normal -0.788415 0 0.615143
    outer loop
      vertex 96.0476 2 24.292
      vertex 96.2741 7 24.5823
      vertex 96.0476 7 24.292
    endloop
  endfacet
  facet normal -0.788415 0 0.615143
    outer loop
      vertex 96.2741 7 24.5823
      vertex 96.0476 2 24.292
      vertex 96.2741 2 24.5823
    endloop
  endfacet
  facet normal 0.653181 0 -0.757202
    outer loop
      vertex 85.2133 2 34.6071
      vertex 85.4921 7 34.8476
      vertex 85.4921 2 34.8476
    endloop
  endfacet
  facet normal 0.653181 0 -0.757202
    outer loop
      vertex 85.4921 7 34.8476
      vertex 85.2133 2 34.6071
      vertex 85.2133 7 34.6071
    endloop
  endfacet
  facet normal 0.313701 0 -0.949522
    outer loop
      vertex 87.7233 2 36.1116
      vertex 88.0729 7 36.2271
      vertex 88.0729 2 36.2271
    endloop
  endfacet
  facet normal 0.313701 0 -0.949522
    outer loop
      vertex 88.0729 7 36.2271
      vertex 87.7233 2 36.1116
      vertex 87.7233 7 36.1116
    endloop
  endfacet
  facet normal 0.122497 0 0.992469
    outer loop
      vertex 89.1495 7 21.6312
      vertex 89.5149 2 21.5861
      vertex 89.5149 7 21.5861
    endloop
  endfacet
  facet normal 0.122497 0 0.992469
    outer loop
      vertex 89.5149 2 21.5861
      vertex 89.1495 7 21.6312
      vertex 89.1495 2 21.6312
    endloop
  endfacet
  facet normal 0.997286 -0 0.0736215
    outer loop
      vertex 82.759 2 28.682
      vertex 82.7861 7 28.3149
      vertex 82.759 7 28.682
    endloop
  endfacet
  facet normal 0.997286 0 0.0736215
    outer loop
      vertex 82.7861 7 28.3149
      vertex 82.759 2 28.682
      vertex 82.7861 2 28.3149
    endloop
  endfacet
  facet normal 0.449603 0 -0.893229
    outer loop
      vertex 86.7145 2 35.6644
      vertex 87.0433 7 35.8299
      vertex 87.0433 2 35.8299
    endloop
  endfacet
  facet normal 0.449603 0 -0.893229
    outer loop
      vertex 87.0433 7 35.8299
      vertex 86.7145 2 35.6644
      vertex 86.7145 7 35.6644
    endloop
  endfacet
  facet normal -0.653181 0 0.757202
    outer loop
      vertex 95.0079 7 23.2524
      vertex 95.2867 2 23.4929
      vertex 95.2867 7 23.4929
    endloop
  endfacet
  facet normal -0.653181 0 0.757202
    outer loop
      vertex 95.2867 2 23.4929
      vertex 95.0079 7 23.2524
      vertex 95.0079 2 23.2524
    endloop
  endfacet
  facet normal 0 1 0
    outer loop
      vertex 90.25 2 29.75
      vertex 90.25 2 36.55
      vertex 90.618 2 36.541
    endloop
  endfacet
  facet normal 0 1 0
    outer loop
      vertex 90.2843 2 29.7492
      vertex 90.618 2 36.541
      vertex 90.9851 2 36.5139
    endloop
  endfacet
  facet normal 0 1 0
    outer loop
      vertex 90.25 2 36.55
      vertex 90.25 2 29.75
      vertex 89.882 2 36.541
    endloop
  endfacet
  facet normal 0 1 0
    outer loop
      vertex 90.3186 2 29.7466
      vertex 90.9851 2 36.5139
      vertex 91.3505 2 36.4688
    endloop
  endfacet
  facet normal 0 1 -0
    outer loop
      vertex 90.2157 2 29.7492
      vertex 89.882 2 36.541
      vertex 90.25 2 29.75
    endloop
  endfacet
  facet normal 0 1 0
    outer loop
      vertex 90.3527 2 29.7424
      vertex 91.3505 2 36.4688
      vertex 91.7132 2 36.4059
    endloop
  endfacet
  facet normal 0 1 0
    outer loop
      vertex 89.882 2 36.541
      vertex 90.2157 2 29.7492
      vertex 89.5149 2 36.5139
    endloop
  endfacet
  facet normal 0 1 0
    outer loop
      vertex 90.3866 2 29.7365
      vertex 91.7132 2 36.4059
      vertex 92.0723 2 36.3252
    endloop
  endfacet
  facet normal 0 1 -0
    outer loop
      vertex 90.1814 2 29.7466
      vertex 89.5149 2 36.5139
      vertex 90.2157 2 29.7492
    endloop
  endfacet
  facet normal 0 1 0
    outer loop
      vertex 90.4201 2 29.729
      vertex 92.0723 2 36.3252
      vertex 92.4271 2 36.2271
    endloop
  endfacet
  facet normal 0 1 0
    outer loop
      vertex 89.5149 2 36.5139
      vertex 90.1814 2 29.7466
      vertex 89.1495 2 36.4688
    endloop
  endfacet
  facet normal 0 1 0
    outer loop
      vertex 90.4532 2 29.7199
      vertex 92.4271 2 36.2271
      vertex 92.7767 2 36.1116
    endloop
  endfacet
  facet normal 0 1 -0
    outer loop
      vertex 90.1473 2 29.7424
      vertex 89.1495 2 36.4688
      vertex 90.1814 2 29.7466
    endloop
  endfacet
  facet normal 0 1 0
    outer loop
      vertex 90.4858 2 29.7091
      vertex 92.7767 2 36.1116
      vertex 93.1201 2 35.9791
    endloop
  endfacet
  facet normal 0 1 0
    outer loop
      vertex 89.1495 2 36.4688
      vertex 90.1473 2 29.7424
      vertex 88.7868 2 36.4059
    endloop
  endfacet
  facet normal 0 1 0
    outer loop
      vertex 90.5179 2 29.6967
      vertex 93.1201 2 35.9791
      vertex 93.4567 2 35.8299
    endloop
  endfacet
  facet normal 0 1 -0
    outer loop
      vertex 90.1134 2 29.7365
      vertex 88.7868 2 36.4059
      vertex 90.1473 2 29.7424
    endloop
  endfacet
  facet normal 0 1 0
    outer loop
      vertex 90.5493 2 29.6828
      vertex 93.4567 2 35.8299
      vertex 93.7855 2 35.6644
    endloop
  endfacet
  facet normal 0 1 0
    outer loop
      vertex 88.7868 2 36.4059
      vertex 90.1134 2 29.7365
      vertex 88.4277 2 36.3252
    endloop
  endfacet
  facet normal 0 1 0
    outer loop
      vertex 90.58 2 29.6673
      vertex 93.7855 2 35.6644
      vertex 94.1058 2 35.483
    endloop
  endfacet
  facet normal 0 1 -0
    outer loop
      vertex 90.0799 2 29.729
      vertex 88.4277 2 36.3252
      vertex 90.1134 2 29.7365
    endloop
  endfacet
  facet normal 0 1 0
    outer loop
      vertex 90.6099 2 29.6504
      vertex 94.1058 2 35.483
      vertex 94.4168 2 35.286
    endloop
  endfacet
  facet normal 0 1 0
    outer loop
      vertex 88.4277 2 36.3252
      vertex 90.0799 2 29.729
      vertex 88.0729 2 36.2271
    endloop
  endfacet
  facet normal 0 1 0
    outer loop
      vertex 90.6389 2 29.632
      vertex 94.4168 2 35.286
      vertex 94.7177 2 35.0741
    endloop
  endfacet
  facet normal 0 1 -0
    outer loop
      vertex 90.0468 2 29.7199
      vertex 88.0729 2 36.2271
      vertex 90.0799 2 29.729
    endloop
  endfacet
  facet normal 0 1 0
    outer loop
      vertex 90.667 2 29.6122
      vertex 94.7177 2 35.0741
      vertex 95.0079 2 34.8476
    endloop
  endfacet
  facet normal 0 1 0
    outer loop
      vertex 88.0729 2 36.2271
      vertex 90.0468 2 29.7199
      vertex 87.7233 2 36.1116
    endloop
  endfacet
  facet normal 0 1 0
    outer loop
      vertex 90.6941 2 29.5911
      vertex 95.0079 2 34.8476
      vertex 95.2867 2 34.6071
    endloop
  endfacet
  facet normal 0 1 -0
    outer loop
      vertex 90.0142 2 29.7091
      vertex 87.7233 2 36.1116
      vertex 90.0468 2 29.7199
    endloop
  endfacet
  facet normal 0 1 0
    outer loop
      vertex 90.7201 2 29.5687
      vertex 95.2867 2 34.6071
      vertex 95.5533 2 34.3533
    endloop
  endfacet
  facet normal 0 1 0
    outer loop
      vertex 87.7233 2 36.1116
      vertex 90.0142 2 29.7091
      vertex 87.3799 2 35.9791
    endloop
  endfacet
  facet normal 0 1 0
    outer loop
      vertex 90.745 2 29.545
      vertex 95.5533 2 34.3533
      vertex 95.8071 2 34.0867
    endloop
  endfacet
  facet normal 0 1 -0
    outer loop
      vertex 89.9821 2 29.6967
      vertex 87.3799 2 35.9791
      vertex 90.0142 2 29.7091
    endloop
  endfacet
  facet normal 0 1 0
    outer loop
      vertex 90.7687 2 29.5201
      vertex 95.8071 2 34.0867
      vertex 96.0476 2 33.8079
    endloop
  endfacet
  facet normal 0 1 0
    outer loop
      vertex 87.3799 2 35.9791
      vertex 89.9821 2 29.6967
      vertex 87.0433 2 35.8299
    endloop
  endfacet
  facet normal 0 1 0
    outer loop
      vertex 90.7911 2 29.4941
      vertex 96.0476 2 33.8079
      vertex 96.2741 2 33.5177
    endloop
  endfacet
  facet normal 0 1 -0
    outer loop
      vertex 89.9507 2 29.6828
      vertex 87.0433 2 35.8299
      vertex 89.9821 2 29.6967
    endloop
  endfacet
  facet normal 0 1 0
    outer loop
      vertex 90.8122 2 29.467
      vertex 96.2741 2 33.5177
      vertex 96.486 2 33.2168
    endloop
  endfacet
  facet normal 0 1 0
    outer loop
      vertex 87.0433 2 35.8299
      vertex 89.9507 2 29.6828
      vertex 86.7145 2 35.6644
    endloop
  endfacet
  facet normal 0 1 0
    outer loop
      vertex 90.832 2 29.4389
      vertex 96.486 2 33.2168
      vertex 96.683 2 32.9058
    endloop
  endfacet
  facet normal 0 1 -0
    outer loop
      vertex 89.92 2 29.6673
      vertex 86.7145 2 35.6644
      vertex 89.9507 2 29.6828
    endloop
  endfacet
  facet normal 0 1 0
    outer loop
      vertex 90.8504 2 29.4099
      vertex 96.683 2 32.9058
      vertex 96.8644 2 32.5855
    endloop
  endfacet
  facet normal 0 1 0
    outer loop
      vertex 86.7145 2 35.6644
      vertex 89.92 2 29.6673
      vertex 86.3942 2 35.483
    endloop
  endfacet
  facet normal 0 1 0
    outer loop
      vertex 90.8673 2 29.38
      vertex 96.8644 2 32.5855
      vertex 97.0299 2 32.2567
    endloop
  endfacet
  facet normal 0 1 -0
    outer loop
      vertex 89.8901 2 29.6504
      vertex 86.3942 2 35.483
      vertex 89.92 2 29.6673
    endloop
  endfacet
  facet normal 0 1 0
    outer loop
      vertex 90.8828 2 29.3493
      vertex 97.0299 2 32.2567
      vertex 97.1791 2 31.9201
    endloop
  endfacet
  facet normal 0 1 0
    outer loop
      vertex 86.3942 2 35.483
      vertex 89.8901 2 29.6504
      vertex 86.0832 2 35.286
    endloop
  endfacet
  facet normal 0 1 0
    outer loop
      vertex 90.8967 2 29.3179
      vertex 97.1791 2 31.9201
      vertex 97.3116 2 31.5767
    endloop
  endfacet
  facet normal 0 1 -0
    outer loop
      vertex 89.8611 2 29.632
      vertex 86.0832 2 35.286
      vertex 89.8901 2 29.6504
    endloop
  endfacet
  facet normal 0 1 0
    outer loop
      vertex 90.9091 2 29.2858
      vertex 97.3116 2 31.5767
      vertex 97.4271 2 31.2271
    endloop
  endfacet
  facet normal 0 1 0
    outer loop
      vertex 86.0832 2 35.286
      vertex 89.8611 2 29.632
      vertex 85.7823 2 35.0741
    endloop
  endfacet
  facet normal 0 1 0
    outer loop
      vertex 90.9199 2 29.2532
      vertex 97.4271 2 31.2271
      vertex 97.5252 2 30.8724
    endloop
  endfacet
  facet normal 0 1 -0
    outer loop
      vertex 89.833 2 29.6122
      vertex 85.7823 2 35.0741
      vertex 89.8611 2 29.632
    endloop
  endfacet
  facet normal 0 1 0
    outer loop
      vertex 90.929 2 29.2201
      vertex 97.5252 2 30.8724
      vertex 97.6059 2 30.5132
    endloop
  endfacet
  facet normal 0 1 0
    outer loop
      vertex 85.7823 2 35.0741
      vertex 89.833 2 29.6122
      vertex 85.4921 2 34.8476
    endloop
  endfacet
  facet normal 0 1 0
    outer loop
      vertex 90.9365 2 29.1866
      vertex 97.6059 2 30.5132
      vertex 97.6688 2 30.1505
    endloop
  endfacet
  facet normal 0 1 -0
    outer loop
      vertex 89.8059 2 29.5911
      vertex 85.4921 2 34.8476
      vertex 89.833 2 29.6122
    endloop
  endfacet
  facet normal 0 1 0
    outer loop
      vertex 90.9424 2 29.1527
      vertex 97.6688 2 30.1505
      vertex 97.7139 2 29.7851
    endloop
  endfacet
  facet normal 0 1 0
    outer loop
      vertex 85.4921 2 34.8476
      vertex 89.8059 2 29.5911
      vertex 85.2133 2 34.6071
    endloop
  endfacet
  facet normal 0 1 -0
    outer loop
      vertex 89.7799 2 29.5687
      vertex 85.2133 2 34.6071
      vertex 89.8059 2 29.5911
    endloop
  endfacet
  facet normal 0 1 0
    outer loop
      vertex 90.618 2 36.541
      vertex 90.2843 2 29.7492
      vertex 90.25 2 29.75
    endloop
  endfacet
  facet normal 0 1 0
    outer loop
      vertex 90.9851 2 36.5139
      vertex 90.3186 2 29.7466
      vertex 90.2843 2 29.7492
    endloop
  endfacet
  facet normal 0 1 0
    outer loop
      vertex 91.3505 2 36.4688
      vertex 90.3527 2 29.7424
      vertex 90.3186 2 29.7466
    endloop
  endfacet
  facet normal 0 1 0
    outer loop
      vertex 91.7132 2 36.4059
      vertex 90.3866 2 29.7365
      vertex 90.3527 2 29.7424
    endloop
  endfacet
  facet normal 0 1 0
    outer loop
      vertex 92.0723 2 36.3252
      vertex 90.4201 2 29.729
      vertex 90.3866 2 29.7365
    endloop
  endfacet
  facet normal 0 1 0
    outer loop
      vertex 92.4271 2 36.2271
      vertex 90.4532 2 29.7199
      vertex 90.4201 2 29.729
    endloop
  endfacet
  facet normal 0 1 0
    outer loop
      vertex 92.7767 2 36.1116
      vertex 90.4858 2 29.7091
      vertex 90.4532 2 29.7199
    endloop
  endfacet
  facet normal 0 1 0
    outer loop
      vertex 93.1201 2 35.9791
      vertex 90.5179 2 29.6967
      vertex 90.4858 2 29.7091
    endloop
  endfacet
  facet normal 0 1 0
    outer loop
      vertex 93.4567 2 35.8299
      vertex 90.5493 2 29.6828
      vertex 90.5179 2 29.6967
    endloop
  endfacet
  facet normal 0 1 0
    outer loop
      vertex 93.7855 2 35.6644
      vertex 90.58 2 29.6673
      vertex 90.5493 2 29.6828
    endloop
  endfacet
  facet normal 0 1 0
    outer loop
      vertex 94.1058 2 35.483
      vertex 90.6099 2 29.6504
      vertex 90.58 2 29.6673
    endloop
  endfacet
  facet normal 0 1 0
    outer loop
      vertex 94.4168 2 35.286
      vertex 90.6389 2 29.632
      vertex 90.6099 2 29.6504
    endloop
  endfacet
  facet normal 0 1 0
    outer loop
      vertex 94.7177 2 35.0741
      vertex 90.667 2 29.6122
      vertex 90.6389 2 29.632
    endloop
  endfacet
  facet normal 0 1 0
    outer loop
      vertex 95.0079 2 34.8476
      vertex 90.6941 2 29.5911
      vertex 90.667 2 29.6122
    endloop
  endfacet
  facet normal 0 1 0
    outer loop
      vertex 95.2867 2 34.6071
      vertex 90.7201 2 29.5687
      vertex 90.6941 2 29.5911
    endloop
  endfacet
  facet normal 0 1 0
    outer loop
      vertex 95.5533 2 34.3533
      vertex 90.745 2 29.545
      vertex 90.7201 2 29.5687
    endloop
  endfacet
  facet normal 0 1 0
    outer loop
      vertex 95.8071 2 34.0867
      vertex 90.7687 2 29.5201
      vertex 90.745 2 29.545
    endloop
  endfacet
  facet normal 0 1 0
    outer loop
      vertex 96.0476 2 33.8079
      vertex 90.7911 2 29.4941
      vertex 90.7687 2 29.5201
    endloop
  endfacet
  facet normal 0 1 0
    outer loop
      vertex 96.2741 2 33.5177
      vertex 90.8122 2 29.467
      vertex 90.7911 2 29.4941
    endloop
  endfacet
  facet normal 0 1 0
    outer loop
      vertex 96.486 2 33.2168
      vertex 90.832 2 29.4389
      vertex 90.8122 2 29.467
    endloop
  endfacet
  facet normal 0 1 0
    outer loop
      vertex 90.9466 2 29.1186
      vertex 97.7139 2 29.7851
      vertex 97.741 2 29.418
    endloop
  endfacet
  facet normal 0 1 0
    outer loop
      vertex 96.683 2 32.9058
      vertex 90.8504 2 29.4099
      vertex 90.832 2 29.4389
    endloop
  endfacet
  facet normal 0 1 0
    outer loop
      vertex 96.8644 2 32.5855
      vertex 90.8673 2 29.38
      vertex 90.8504 2 29.4099
    endloop
  endfacet
  facet normal 0 1 0
    outer loop
      vertex 97.0299 2 32.2567
      vertex 90.8828 2 29.3493
      vertex 90.8673 2 29.38
    endloop
  endfacet
  facet normal 0 1 0
    outer loop
      vertex 97.1791 2 31.9201
      vertex 90.8967 2 29.3179
      vertex 90.8828 2 29.3493
    endloop
  endfacet
  facet normal 0 1 0
    outer loop
      vertex 97.3116 2 31.5767
      vertex 90.9091 2 29.2858
      vertex 90.8967 2 29.3179
    endloop
  endfacet
  facet normal 0 1 0
    outer loop
      vertex 97.4271 2 31.2271
      vertex 90.9199 2 29.2532
      vertex 90.9091 2 29.2858
    endloop
  endfacet
  facet normal 0 1 0
    outer loop
      vertex 97.5252 2 30.8724
      vertex 90.929 2 29.2201
      vertex 90.9199 2 29.2532
    endloop
  endfacet
  facet normal 0 1 0
    outer loop
      vertex 97.6059 2 30.5132
      vertex 90.9365 2 29.1866
      vertex 90.929 2 29.2201
    endloop
  endfacet
  facet normal 0 1 0
    outer loop
      vertex 97.6688 2 30.1505
      vertex 90.9424 2 29.1527
      vertex 90.9365 2 29.1866
    endloop
  endfacet
  facet normal 0 1 0
    outer loop
      vertex 97.7139 2 29.7851
      vertex 90.9466 2 29.1186
      vertex 90.9424 2 29.1527
    endloop
  endfacet
  facet normal 0 1 0
    outer loop
      vertex 97.741 2 29.418
      vertex 90.9492 2 29.0843
      vertex 90.9466 2 29.1186
    endloop
  endfacet
  facet normal 0 1 0
    outer loop
      vertex 97.75 2 29.05
      vertex 90.9492 2 29.0843
      vertex 97.741 2 29.418
    endloop
  endfacet
  facet normal 0 1 0
    outer loop
      vertex 97.75 2 29.05
      vertex 90.95 2 29.05
      vertex 90.9492 2 29.0843
    endloop
  endfacet
  facet normal 0 1 0
    outer loop
      vertex 97.75 2 29.05
      vertex 90.9492 2 29.0157
      vertex 90.95 2 29.05
    endloop
  endfacet
  facet normal 0 1 -0
    outer loop
      vertex 97.741 2 28.682
      vertex 90.9492 2 29.0157
      vertex 97.75 2 29.05
    endloop
  endfacet
  facet normal 0 1 0
    outer loop
      vertex 90.9492 2 29.0157
      vertex 97.741 2 28.682
      vertex 90.9466 2 28.9814
    endloop
  endfacet
  facet normal 0 1 -0
    outer loop
      vertex 97.7139 2 28.3149
      vertex 90.9466 2 28.9814
      vertex 97.741 2 28.682
    endloop
  endfacet
  facet normal 0 1 0
    outer loop
      vertex 90.9466 2 28.9814
      vertex 97.7139 2 28.3149
      vertex 90.9424 2 28.9473
    endloop
  endfacet
  facet normal 0 1 -0
    outer loop
      vertex 97.6688 2 27.9495
      vertex 90.9424 2 28.9473
      vertex 97.7139 2 28.3149
    endloop
  endfacet
  facet normal 0 1 0
    outer loop
      vertex 90.9424 2 28.9473
      vertex 97.6688 2 27.9495
      vertex 90.9365 2 28.9134
    endloop
  endfacet
  facet normal 0 1 -0
    outer loop
      vertex 97.6059 2 27.5868
      vertex 90.9365 2 28.9134
      vertex 97.6688 2 27.9495
    endloop
  endfacet
  facet normal 0 1 0
    outer loop
      vertex 90.9365 2 28.9134
      vertex 97.6059 2 27.5868
      vertex 90.929 2 28.8799
    endloop
  endfacet
  facet normal 0 1 -0
    outer loop
      vertex 97.5252 2 27.2276
      vertex 90.929 2 28.8799
      vertex 97.6059 2 27.5868
    endloop
  endfacet
  facet normal 0 1 0
    outer loop
      vertex 90.929 2 28.8799
      vertex 97.5252 2 27.2276
      vertex 90.9199 2 28.8468
    endloop
  endfacet
  facet normal 0 1 -0
    outer loop
      vertex 97.4271 2 26.8729
      vertex 90.9199 2 28.8468
      vertex 97.5252 2 27.2276
    endloop
  endfacet
  facet normal 0 1 0
    outer loop
      vertex 90.9199 2 28.8468
      vertex 97.4271 2 26.8729
      vertex 90.9091 2 28.8142
    endloop
  endfacet
  facet normal 0 1 -0
    outer loop
      vertex 97.3116 2 26.5233
      vertex 90.9091 2 28.8142
      vertex 97.4271 2 26.8729
    endloop
  endfacet
  facet normal 0 1 0
    outer loop
      vertex 90.9091 2 28.8142
      vertex 97.3116 2 26.5233
      vertex 90.8967 2 28.7821
    endloop
  endfacet
  facet normal 0 1 -0
    outer loop
      vertex 97.1791 2 26.1799
      vertex 90.8967 2 28.7821
      vertex 97.3116 2 26.5233
    endloop
  endfacet
  facet normal 0 1 0
    outer loop
      vertex 90.8967 2 28.7821
      vertex 97.1791 2 26.1799
      vertex 90.8828 2 28.7507
    endloop
  endfacet
  facet normal 0 1 -0
    outer loop
      vertex 97.0299 2 25.8433
      vertex 90.8828 2 28.7507
      vertex 97.1791 2 26.1799
    endloop
  endfacet
  facet normal 0 1 0
    outer loop
      vertex 90.8828 2 28.7507
      vertex 97.0299 2 25.8433
      vertex 90.8673 2 28.72
    endloop
  endfacet
  facet normal 0 1 -0
    outer loop
      vertex 96.8644 2 25.5145
      vertex 90.8673 2 28.72
      vertex 97.0299 2 25.8433
    endloop
  endfacet
  facet normal 0 1 0
    outer loop
      vertex 90.8673 2 28.72
      vertex 96.8644 2 25.5145
      vertex 90.8504 2 28.6901
    endloop
  endfacet
  facet normal 0 1 -0
    outer loop
      vertex 96.683 2 25.1942
      vertex 90.8504 2 28.6901
      vertex 96.8644 2 25.5145
    endloop
  endfacet
  facet normal 0 1 0
    outer loop
      vertex 90.8504 2 28.6901
      vertex 96.683 2 25.1942
      vertex 90.832 2 28.6611
    endloop
  endfacet
  facet normal 0 1 -0
    outer loop
      vertex 96.486 2 24.8832
      vertex 90.832 2 28.6611
      vertex 96.683 2 25.1942
    endloop
  endfacet
  facet normal 0 1 0
    outer loop
      vertex 90.832 2 28.6611
      vertex 96.486 2 24.8832
      vertex 90.8122 2 28.633
    endloop
  endfacet
  facet normal 0 1 -0
    outer loop
      vertex 96.2741 2 24.5823
      vertex 90.8122 2 28.633
      vertex 96.486 2 24.8832
    endloop
  endfacet
  facet normal 0 1 0
    outer loop
      vertex 90.8122 2 28.633
      vertex 96.2741 2 24.5823
      vertex 90.7911 2 28.6059
    endloop
  endfacet
  facet normal 0 1 -0
    outer loop
      vertex 96.0476 2 24.292
      vertex 90.7911 2 28.6059
      vertex 96.2741 2 24.5823
    endloop
  endfacet
  facet normal 0 1 0
    outer loop
      vertex 90.7911 2 28.6059
      vertex 96.0476 2 24.292
      vertex 90.7687 2 28.5799
    endloop
  endfacet
  facet normal 0 1 -0
    outer loop
      vertex 95.8071 2 24.0133
      vertex 90.7687 2 28.5799
      vertex 96.0476 2 24.292
    endloop
  endfacet
  facet normal 0 1 0
    outer loop
      vertex 90.7687 2 28.5799
      vertex 95.8071 2 24.0133
      vertex 90.745 2 28.555
    endloop
  endfacet
  facet normal 0 1 -0
    outer loop
      vertex 95.5533 2 23.7467
      vertex 90.745 2 28.555
      vertex 95.8071 2 24.0133
    endloop
  endfacet
  facet normal 0 1 -0
    outer loop
      vertex 95.2867 2 23.4929
      vertex 90.7201 2 28.5313
      vertex 95.5533 2 23.7467
    endloop
  endfacet
  facet normal 0 1 0
    outer loop
      vertex 90.745 2 28.555
      vertex 95.5533 2 23.7467
      vertex 90.7201 2 28.5313
    endloop
  endfacet
  facet normal 0 1 0
    outer loop
      vertex 85.2133 2 34.6071
      vertex 89.7799 2 29.5687
      vertex 84.9467 2 34.3533
    endloop
  endfacet
  facet normal 0 1 -0
    outer loop
      vertex 89.755 2 29.545
      vertex 84.9467 2 34.3533
      vertex 89.7799 2 29.5687
    endloop
  endfacet
  facet normal 0 1 0
    outer loop
      vertex 84.9467 2 34.3533
      vertex 89.755 2 29.545
      vertex 84.6929 2 34.0867
    endloop
  endfacet
  facet normal 0 1 -0
    outer loop
      vertex 89.7313 2 29.5201
      vertex 84.6929 2 34.0867
      vertex 89.755 2 29.545
    endloop
  endfacet
  facet normal 0 1 0
    outer loop
      vertex 84.6929 2 34.0867
      vertex 89.7313 2 29.5201
      vertex 84.4524 2 33.8079
    endloop
  endfacet
  facet normal 0 1 -0
    outer loop
      vertex 89.7089 2 29.4941
      vertex 84.4524 2 33.8079
      vertex 89.7313 2 29.5201
    endloop
  endfacet
  facet normal 0 1 0
    outer loop
      vertex 84.4524 2 33.8079
      vertex 89.7089 2 29.4941
      vertex 84.2259 2 33.5177
    endloop
  endfacet
  facet normal 0 1 -0
    outer loop
      vertex 89.6878 2 29.467
      vertex 84.2259 2 33.5177
      vertex 89.7089 2 29.4941
    endloop
  endfacet
  facet normal 0 1 0
    outer loop
      vertex 84.2259 2 33.5177
      vertex 89.6878 2 29.467
      vertex 84.014 2 33.2168
    endloop
  endfacet
  facet normal 0 1 -0
    outer loop
      vertex 89.668 2 29.4389
      vertex 84.014 2 33.2168
      vertex 89.6878 2 29.467
    endloop
  endfacet
  facet normal 0 1 0
    outer loop
      vertex 84.014 2 33.2168
      vertex 89.668 2 29.4389
      vertex 83.817 2 32.9058
    endloop
  endfacet
  facet normal 0 1 -0
    outer loop
      vertex 89.6496 2 29.4099
      vertex 83.817 2 32.9058
      vertex 89.668 2 29.4389
    endloop
  endfacet
  facet normal 0 1 0
    outer loop
      vertex 83.817 2 32.9058
      vertex 89.6496 2 29.4099
      vertex 83.6356 2 32.5855
    endloop
  endfacet
  facet normal 0 1 -0
    outer loop
      vertex 89.6327 2 29.38
      vertex 83.6356 2 32.5855
      vertex 89.6496 2 29.4099
    endloop
  endfacet
  facet normal 0 1 0
    outer loop
      vertex 83.6356 2 32.5855
      vertex 89.6327 2 29.38
      vertex 83.4701 2 32.2567
    endloop
  endfacet
  facet normal 0 1 -0
    outer loop
      vertex 89.6172 2 29.3493
      vertex 83.4701 2 32.2567
      vertex 89.6327 2 29.38
    endloop
  endfacet
  facet normal 0 1 0
    outer loop
      vertex 83.4701 2 32.2567
      vertex 89.6172 2 29.3493
      vertex 83.3209 2 31.9201
    endloop
  endfacet
  facet normal 0 1 -0
    outer loop
      vertex 89.6033 2 29.3179
      vertex 83.3209 2 31.9201
      vertex 89.6172 2 29.3493
    endloop
  endfacet
  facet normal 0 1 0
    outer loop
      vertex 83.3209 2 31.9201
      vertex 89.6033 2 29.3179
      vertex 83.1884 2 31.5767
    endloop
  endfacet
  facet normal 0 1 -0
    outer loop
      vertex 89.5909 2 29.2858
      vertex 83.1884 2 31.5767
      vertex 89.6033 2 29.3179
    endloop
  endfacet
  facet normal 0 1 0
    outer loop
      vertex 83.1884 2 31.5767
      vertex 89.5909 2 29.2858
      vertex 83.0729 2 31.2271
    endloop
  endfacet
  facet normal 0 1 -0
    outer loop
      vertex 89.5801 2 29.2532
      vertex 83.0729 2 31.2271
      vertex 89.5909 2 29.2858
    endloop
  endfacet
  facet normal 0 1 0
    outer loop
      vertex 83.0729 2 31.2271
      vertex 89.5801 2 29.2532
      vertex 82.9748 2 30.8724
    endloop
  endfacet
  facet normal 0 1 -0
    outer loop
      vertex 89.571 2 29.2201
      vertex 82.9748 2 30.8724
      vertex 89.5801 2 29.2532
    endloop
  endfacet
  facet normal 0 1 0
    outer loop
      vertex 82.9748 2 30.8724
      vertex 89.571 2 29.2201
      vertex 82.8941 2 30.5132
    endloop
  endfacet
  facet normal 0 1 -0
    outer loop
      vertex 89.5634 2 29.1866
      vertex 82.8941 2 30.5132
      vertex 89.571 2 29.2201
    endloop
  endfacet
  facet normal 0 1 0
    outer loop
      vertex 82.8941 2 30.5132
      vertex 89.5634 2 29.1866
      vertex 82.8312 2 30.1505
    endloop
  endfacet
  facet normal 0 1 -0
    outer loop
      vertex 89.5576 2 29.1527
      vertex 82.8312 2 30.1505
      vertex 89.5634 2 29.1866
    endloop
  endfacet
  facet normal 0 1 0
    outer loop
      vertex 82.8312 2 30.1505
      vertex 89.5576 2 29.1527
      vertex 82.7861 2 29.7851
    endloop
  endfacet
  facet normal 0 1 -0
    outer loop
      vertex 89.5534 2 29.1186
      vertex 82.7861 2 29.7851
      vertex 89.5576 2 29.1527
    endloop
  endfacet
  facet normal 0 1 0
    outer loop
      vertex 82.7861 2 29.7851
      vertex 89.5534 2 29.1186
      vertex 82.759 2 29.418
    endloop
  endfacet
  facet normal 0 1 -0
    outer loop
      vertex 89.5508 2 29.0843
      vertex 82.759 2 29.418
      vertex 89.5534 2 29.1186
    endloop
  endfacet
  facet normal 0 1 -0
    outer loop
      vertex 89.55 2 29.05
      vertex 82.759 2 29.418
      vertex 89.5508 2 29.0843
    endloop
  endfacet
  facet normal 0 1 0
    outer loop
      vertex 89.55 2 29.05
      vertex 82.75 2 29.05
      vertex 82.759 2 29.418
    endloop
  endfacet
  facet normal 0 1 0
    outer loop
      vertex 89.5508 2 29.0157
      vertex 82.75 2 29.05
      vertex 89.55 2 29.05
    endloop
  endfacet
  facet normal 0 1 0
    outer loop
      vertex 82.759 2 28.682
      vertex 89.5508 2 29.0157
      vertex 89.5534 2 28.9814
    endloop
  endfacet
  facet normal 0 1 0
    outer loop
      vertex 82.7861 2 28.3149
      vertex 89.5534 2 28.9814
      vertex 89.5576 2 28.9473
    endloop
  endfacet
  facet normal 0 1 0
    outer loop
      vertex 82.8312 2 27.9495
      vertex 89.5576 2 28.9473
      vertex 89.5634 2 28.9134
    endloop
  endfacet
  facet normal 0 1 0
    outer loop
      vertex 82.8941 2 27.5868
      vertex 89.5634 2 28.9134
      vertex 89.571 2 28.8799
    endloop
  endfacet
  facet normal 0 1 0
    outer loop
      vertex 82.9748 2 27.2276
      vertex 89.571 2 28.8799
      vertex 89.5801 2 28.8468
    endloop
  endfacet
  facet normal 0 1 0
    outer loop
      vertex 83.0729 2 26.8729
      vertex 89.5801 2 28.8468
      vertex 89.5909 2 28.8142
    endloop
  endfacet
  facet normal 0 1 0
    outer loop
      vertex 83.1884 2 26.5233
      vertex 89.5909 2 28.8142
      vertex 89.6033 2 28.7821
    endloop
  endfacet
  facet normal 0 1 0
    outer loop
      vertex 83.3209 2 26.1799
      vertex 89.6033 2 28.7821
      vertex 89.6172 2 28.7507
    endloop
  endfacet
  facet normal 0 1 0
    outer loop
      vertex 83.4701 2 25.8433
      vertex 89.6172 2 28.7507
      vertex 89.6327 2 28.72
    endloop
  endfacet
  facet normal 0 1 0
    outer loop
      vertex 83.6356 2 25.5145
      vertex 89.6327 2 28.72
      vertex 89.6496 2 28.6901
    endloop
  endfacet
  facet normal 0 1 0
    outer loop
      vertex 89.5508 2 29.0157
      vertex 82.759 2 28.682
      vertex 82.75 2 29.05
    endloop
  endfacet
  facet normal 0 1 0
    outer loop
      vertex 83.817 2 25.1942
      vertex 89.6496 2 28.6901
      vertex 89.668 2 28.6611
    endloop
  endfacet
  facet normal 0 1 0
    outer loop
      vertex 84.014 2 24.8832
      vertex 89.668 2 28.6611
      vertex 89.6878 2 28.633
    endloop
  endfacet
  facet normal 0 1 0
    outer loop
      vertex 84.2259 2 24.5823
      vertex 89.6878 2 28.633
      vertex 89.7089 2 28.6059
    endloop
  endfacet
  facet normal 0 1 0
    outer loop
      vertex 84.4524 2 24.292
      vertex 89.7089 2 28.6059
      vertex 89.7313 2 28.5799
    endloop
  endfacet
  facet normal 0 1 0
    outer loop
      vertex 84.6929 2 24.0133
      vertex 89.7313 2 28.5799
      vertex 89.755 2 28.555
    endloop
  endfacet
  facet normal 0 1 0
    outer loop
      vertex 84.9467 2 23.7467
      vertex 89.755 2 28.555
      vertex 89.7799 2 28.5313
    endloop
  endfacet
  facet normal 0 1 0
    outer loop
      vertex 85.2133 2 23.4929
      vertex 89.7799 2 28.5313
      vertex 89.8059 2 28.5089
    endloop
  endfacet
  facet normal 0 1 0
    outer loop
      vertex 85.4921 2 23.2524
      vertex 89.8059 2 28.5089
      vertex 89.833 2 28.4878
    endloop
  endfacet
  facet normal 0 1 0
    outer loop
      vertex 85.7823 2 23.0259
      vertex 89.833 2 28.4878
      vertex 89.8611 2 28.468
    endloop
  endfacet
  facet normal 0 1 0
    outer loop
      vertex 86.0832 2 22.814
      vertex 89.8611 2 28.468
      vertex 89.8901 2 28.4496
    endloop
  endfacet
  facet normal 0 1 0
    outer loop
      vertex 86.3942 2 22.617
      vertex 89.8901 2 28.4496
      vertex 89.92 2 28.4327
    endloop
  endfacet
  facet normal 0 1 0
    outer loop
      vertex 86.7145 2 22.4356
      vertex 89.92 2 28.4327
      vertex 89.9507 2 28.4172
    endloop
  endfacet
  facet normal 0 1 0
    outer loop
      vertex 87.0433 2 22.2701
      vertex 89.9507 2 28.4172
      vertex 89.9821 2 28.4033
    endloop
  endfacet
  facet normal 0 1 0
    outer loop
      vertex 87.3799 2 22.1209
      vertex 89.9821 2 28.4033
      vertex 90.0142 2 28.3909
    endloop
  endfacet
  facet normal 0 1 0
    outer loop
      vertex 87.7233 2 21.9884
      vertex 90.0142 2 28.3909
      vertex 90.0468 2 28.3801
    endloop
  endfacet
  facet normal 0 1 0
    outer loop
      vertex 88.0729 2 21.8729
      vertex 90.0468 2 28.3801
      vertex 90.0799 2 28.371
    endloop
  endfacet
  facet normal 0 1 0
    outer loop
      vertex 88.4277 2 21.7748
      vertex 90.0799 2 28.371
      vertex 90.1134 2 28.3634
    endloop
  endfacet
  facet normal 0 1 0
    outer loop
      vertex 88.7868 2 21.6941
      vertex 90.1134 2 28.3634
      vertex 90.1473 2 28.3576
    endloop
  endfacet
  facet normal 0 1 0
    outer loop
      vertex 89.1495 2 21.6312
      vertex 90.1473 2 28.3576
      vertex 90.1814 2 28.3534
    endloop
  endfacet
  facet normal 0 1 0
    outer loop
      vertex 89.5149 2 21.5861
      vertex 90.1814 2 28.3534
      vertex 90.2157 2 28.3508
    endloop
  endfacet
  facet normal 0 1 0
    outer loop
      vertex 89.5534 2 28.9814
      vertex 82.7861 2 28.3149
      vertex 82.759 2 28.682
    endloop
  endfacet
  facet normal 0 1 0
    outer loop
      vertex 89.882 2 21.559
      vertex 90.2157 2 28.3508
      vertex 90.25 2 28.35
    endloop
  endfacet
  facet normal 0 1 0
    outer loop
      vertex 90.7201 2 28.5313
      vertex 95.2867 2 23.4929
      vertex 90.6941 2 28.5089
    endloop
  endfacet
  facet normal 0 1 -0
    outer loop
      vertex 95.0079 2 23.2524
      vertex 90.6941 2 28.5089
      vertex 95.2867 2 23.4929
    endloop
  endfacet
  facet normal 0 1 0
    outer loop
      vertex 89.5576 2 28.9473
      vertex 82.8312 2 27.9495
      vertex 82.7861 2 28.3149
    endloop
  endfacet
  facet normal 0 1 0
    outer loop
      vertex 90.6941 2 28.5089
      vertex 95.0079 2 23.2524
      vertex 90.667 2 28.4878
    endloop
  endfacet
  facet normal 0 1 0
    outer loop
      vertex 89.5634 2 28.9134
      vertex 82.8941 2 27.5868
      vertex 82.8312 2 27.9495
    endloop
  endfacet
  facet normal 0 1 -0
    outer loop
      vertex 94.7177 2 23.0259
      vertex 90.667 2 28.4878
      vertex 95.0079 2 23.2524
    endloop
  endfacet
  facet normal 0 1 0
    outer loop
      vertex 89.571 2 28.8799
      vertex 82.9748 2 27.2276
      vertex 82.8941 2 27.5868
    endloop
  endfacet
  facet normal 0 1 0
    outer loop
      vertex 90.667 2 28.4878
      vertex 94.7177 2 23.0259
      vertex 90.6389 2 28.468
    endloop
  endfacet
  facet normal 0 1 0
    outer loop
      vertex 89.5801 2 28.8468
      vertex 83.0729 2 26.8729
      vertex 82.9748 2 27.2276
    endloop
  endfacet
  facet normal 0 1 -0
    outer loop
      vertex 94.4168 2 22.814
      vertex 90.6389 2 28.468
      vertex 94.7177 2 23.0259
    endloop
  endfacet
  facet normal 0 1 0
    outer loop
      vertex 89.5909 2 28.8142
      vertex 83.1884 2 26.5233
      vertex 83.0729 2 26.8729
    endloop
  endfacet
  facet normal 0 1 0
    outer loop
      vertex 90.6389 2 28.468
      vertex 94.4168 2 22.814
      vertex 90.6099 2 28.4496
    endloop
  endfacet
  facet normal 0 1 0
    outer loop
      vertex 89.6033 2 28.7821
      vertex 83.3209 2 26.1799
      vertex 83.1884 2 26.5233
    endloop
  endfacet
  facet normal 0 1 -0
    outer loop
      vertex 94.1058 2 22.617
      vertex 90.6099 2 28.4496
      vertex 94.4168 2 22.814
    endloop
  endfacet
  facet normal 0 1 0
    outer loop
      vertex 89.6172 2 28.7507
      vertex 83.4701 2 25.8433
      vertex 83.3209 2 26.1799
    endloop
  endfacet
  facet normal 0 1 0
    outer loop
      vertex 90.6099 2 28.4496
      vertex 94.1058 2 22.617
      vertex 90.58 2 28.4327
    endloop
  endfacet
  facet normal 0 1 0
    outer loop
      vertex 89.6327 2 28.72
      vertex 83.6356 2 25.5145
      vertex 83.4701 2 25.8433
    endloop
  endfacet
  facet normal 0 1 -0
    outer loop
      vertex 93.7855 2 22.4356
      vertex 90.58 2 28.4327
      vertex 94.1058 2 22.617
    endloop
  endfacet
  facet normal 0 1 0
    outer loop
      vertex 89.6496 2 28.6901
      vertex 83.817 2 25.1942
      vertex 83.6356 2 25.5145
    endloop
  endfacet
  facet normal 0 1 0
    outer loop
      vertex 90.58 2 28.4327
      vertex 93.7855 2 22.4356
      vertex 90.5493 2 28.4172
    endloop
  endfacet
  facet normal 0 1 0
    outer loop
      vertex 89.668 2 28.6611
      vertex 84.014 2 24.8832
      vertex 83.817 2 25.1942
    endloop
  endfacet
  facet normal 0 1 -0
    outer loop
      vertex 93.4567 2 22.2701
      vertex 90.5493 2 28.4172
      vertex 93.7855 2 22.4356
    endloop
  endfacet
  facet normal 0 1 0
    outer loop
      vertex 89.6878 2 28.633
      vertex 84.2259 2 24.5823
      vertex 84.014 2 24.8832
    endloop
  endfacet
  facet normal 0 1 0
    outer loop
      vertex 90.5493 2 28.4172
      vertex 93.4567 2 22.2701
      vertex 90.5179 2 28.4033
    endloop
  endfacet
  facet normal 0 1 0
    outer loop
      vertex 89.7089 2 28.6059
      vertex 84.4524 2 24.292
      vertex 84.2259 2 24.5823
    endloop
  endfacet
  facet normal 0 1 -0
    outer loop
      vertex 93.1201 2 22.1209
      vertex 90.5179 2 28.4033
      vertex 93.4567 2 22.2701
    endloop
  endfacet
  facet normal 0 1 0
    outer loop
      vertex 89.7313 2 28.5799
      vertex 84.6929 2 24.0133
      vertex 84.4524 2 24.292
    endloop
  endfacet
  facet normal 0 1 0
    outer loop
      vertex 90.5179 2 28.4033
      vertex 93.1201 2 22.1209
      vertex 90.4858 2 28.3909
    endloop
  endfacet
  facet normal 0 1 0
    outer loop
      vertex 89.755 2 28.555
      vertex 84.9467 2 23.7467
      vertex 84.6929 2 24.0133
    endloop
  endfacet
  facet normal 0 1 -0
    outer loop
      vertex 92.7767 2 21.9884
      vertex 90.4858 2 28.3909
      vertex 93.1201 2 22.1209
    endloop
  endfacet
  facet normal 0 1 0
    outer loop
      vertex 89.7799 2 28.5313
      vertex 85.2133 2 23.4929
      vertex 84.9467 2 23.7467
    endloop
  endfacet
  facet normal 0 1 0
    outer loop
      vertex 90.4858 2 28.3909
      vertex 92.7767 2 21.9884
      vertex 90.4532 2 28.3801
    endloop
  endfacet
  facet normal 0 1 0
    outer loop
      vertex 89.8059 2 28.5089
      vertex 85.4921 2 23.2524
      vertex 85.2133 2 23.4929
    endloop
  endfacet
  facet normal 0 1 -0
    outer loop
      vertex 92.4271 2 21.8729
      vertex 90.4532 2 28.3801
      vertex 92.7767 2 21.9884
    endloop
  endfacet
  facet normal 0 1 0
    outer loop
      vertex 89.833 2 28.4878
      vertex 85.7823 2 23.0259
      vertex 85.4921 2 23.2524
    endloop
  endfacet
  facet normal 0 1 0
    outer loop
      vertex 90.4532 2 28.3801
      vertex 92.4271 2 21.8729
      vertex 90.4201 2 28.371
    endloop
  endfacet
  facet normal 0 1 0
    outer loop
      vertex 89.8611 2 28.468
      vertex 86.0832 2 22.814
      vertex 85.7823 2 23.0259
    endloop
  endfacet
  facet normal 0 1 -0
    outer loop
      vertex 92.0723 2 21.7748
      vertex 90.4201 2 28.371
      vertex 92.4271 2 21.8729
    endloop
  endfacet
  facet normal 0 1 0
    outer loop
      vertex 89.8901 2 28.4496
      vertex 86.3942 2 22.617
      vertex 86.0832 2 22.814
    endloop
  endfacet
  facet normal 0 1 0
    outer loop
      vertex 90.4201 2 28.371
      vertex 92.0723 2 21.7748
      vertex 90.3866 2 28.3634
    endloop
  endfacet
  facet normal 0 1 0
    outer loop
      vertex 89.92 2 28.4327
      vertex 86.7145 2 22.4356
      vertex 86.3942 2 22.617
    endloop
  endfacet
  facet normal 0 1 -0
    outer loop
      vertex 91.7132 2 21.6941
      vertex 90.3866 2 28.3634
      vertex 92.0723 2 21.7748
    endloop
  endfacet
  facet normal 0 1 0
    outer loop
      vertex 89.9507 2 28.4172
      vertex 87.0433 2 22.2701
      vertex 86.7145 2 22.4356
    endloop
  endfacet
  facet normal 0 1 0
    outer loop
      vertex 90.3866 2 28.3634
      vertex 91.7132 2 21.6941
      vertex 90.3527 2 28.3576
    endloop
  endfacet
  facet normal 0 1 0
    outer loop
      vertex 89.9821 2 28.4033
      vertex 87.3799 2 22.1209
      vertex 87.0433 2 22.2701
    endloop
  endfacet
  facet normal 0 1 -0
    outer loop
      vertex 91.3505 2 21.6312
      vertex 90.3527 2 28.3576
      vertex 91.7132 2 21.6941
    endloop
  endfacet
  facet normal 0 1 0
    outer loop
      vertex 90.0142 2 28.3909
      vertex 87.7233 2 21.9884
      vertex 87.3799 2 22.1209
    endloop
  endfacet
  facet normal 0 1 0
    outer loop
      vertex 90.3527 2 28.3576
      vertex 91.3505 2 21.6312
      vertex 90.3186 2 28.3534
    endloop
  endfacet
  facet normal 0 1 0
    outer loop
      vertex 90.0468 2 28.3801
      vertex 88.0729 2 21.8729
      vertex 87.7233 2 21.9884
    endloop
  endfacet
  facet normal 0 1 -0
    outer loop
      vertex 90.9851 2 21.5861
      vertex 90.3186 2 28.3534
      vertex 91.3505 2 21.6312
    endloop
  endfacet
  facet normal 0 1 0
    outer loop
      vertex 90.0799 2 28.371
      vertex 88.4277 2 21.7748
      vertex 88.0729 2 21.8729
    endloop
  endfacet
  facet normal 0 1 0
    outer loop
      vertex 90.3186 2 28.3534
      vertex 90.9851 2 21.5861
      vertex 90.2843 2 28.3508
    endloop
  endfacet
  facet normal 0 1 0
    outer loop
      vertex 90.1134 2 28.3634
      vertex 88.7868 2 21.6941
      vertex 88.4277 2 21.7748
    endloop
  endfacet
  facet normal 0 1 -0
    outer loop
      vertex 90.618 2 21.559
      vertex 90.2843 2 28.3508
      vertex 90.9851 2 21.5861
    endloop
  endfacet
  facet normal 0 1 0
    outer loop
      vertex 90.1473 2 28.3576
      vertex 89.1495 2 21.6312
      vertex 88.7868 2 21.6941
    endloop
  endfacet
  facet normal 0 1 0
    outer loop
      vertex 90.2843 2 28.3508
      vertex 90.618 2 21.559
      vertex 90.25 2 28.35
    endloop
  endfacet
  facet normal 0 1 0
    outer loop
      vertex 90.1814 2 28.3534
      vertex 89.5149 2 21.5861
      vertex 89.1495 2 21.6312
    endloop
  endfacet
  facet normal 0 1 0
    outer loop
      vertex 90.25 2 21.55
      vertex 90.25 2 28.35
      vertex 90.618 2 21.559
    endloop
  endfacet
  facet normal 0 1 0
    outer loop
      vertex 90.2157 2 28.3508
      vertex 89.882 2 21.559
      vertex 89.5149 2 21.5861
    endloop
  endfacet
  facet normal 0 1 0
    outer loop
      vertex 90.25 2 28.35
      vertex 90.25 2 21.55
      vertex 89.882 2 21.559
    endloop
  endfacet
  facet normal 0.313701 0 0.949522
    outer loop
      vertex 87.7233 7 21.9884
      vertex 88.0729 2 21.8729
      vertex 88.0729 7 21.8729
    endloop
  endfacet
  facet normal 0.313701 0 0.949522
    outer loop
      vertex 88.0729 2 21.8729
      vertex 87.7233 7 21.9884
      vertex 87.7233 2 21.9884
    endloop
  endfacet
  facet normal 0.844778 -0 0.535117
    outer loop
      vertex 83.817 2 25.1942
      vertex 84.014 7 24.8832
      vertex 83.817 7 25.1942
    endloop
  endfacet
  facet normal 0.844778 0 0.535117
    outer loop
      vertex 84.014 7 24.8832
      vertex 83.817 2 25.1942
      vertex 84.014 2 24.8832
    endloop
  endfacet
  facet normal 0.844778 0 -0.535117
    outer loop
      vertex 84.014 2 33.2168
      vertex 83.817 7 32.9058
      vertex 84.014 7 33.2168
    endloop
  endfacet
  facet normal 0.844778 0 -0.535117
    outer loop
      vertex 83.817 7 32.9058
      vertex 84.014 2 33.2168
      vertex 83.817 2 32.9058
    endloop
  endfacet
  facet normal 0.35998 0 0.93296
    outer loop
      vertex 87.3799 7 22.1209
      vertex 87.7233 2 21.9884
      vertex 87.7233 7 21.9884
    endloop
  endfacet
  facet normal 0.35998 0 0.93296
    outer loop
      vertex 87.7233 2 21.9884
      vertex 87.3799 7 22.1209
      vertex 87.3799 2 22.1209
    endloop
  endfacet
  facet normal 0.405231 0 0.914214
    outer loop
      vertex 87.0433 7 22.2701
      vertex 87.3799 2 22.1209
      vertex 87.3799 7 22.1209
    endloop
  endfacet
  facet normal 0.405231 0 0.914214
    outer loop
      vertex 87.3799 2 22.1209
      vertex 87.0433 7 22.2701
      vertex 87.0433 2 22.2701
    endloop
  endfacet
  facet normal 0.170871 0 0.985293
    outer loop
      vertex 88.7868 7 21.6941
      vertex 89.1495 2 21.6312
      vertex 89.1495 7 21.6312
    endloop
  endfacet
  facet normal 0.170871 0 0.985293
    outer loop
      vertex 89.1495 2 21.6312
      vertex 88.7868 7 21.6941
      vertex 88.7868 2 21.6941
    endloop
  endfacet
  facet normal 0.870563 -0 0.492057
    outer loop
      vertex 23.6327 0 28.72
      vertex 23.6496 2 28.6901
      vertex 23.6327 2 28.72
    endloop
  endfacet
  facet normal 0.870563 0 0.492057
    outer loop
      vertex 23.6496 2 28.6901
      vertex 23.6327 0 28.72
      vertex 23.6496 0 28.6901
    endloop
  endfacet
  facet normal 0.914411 0 -0.404787
    outer loop
      vertex 23.6172 0 29.3493
      vertex 23.6033 2 29.3179
      vertex 23.6172 2 29.3493
    endloop
  endfacet
  facet normal 0.914411 0 -0.404787
    outer loop
      vertex 23.6033 2 29.3179
      vertex 23.6172 0 29.3493
      vertex 23.6033 0 29.3179
    endloop
  endfacet
  facet normal -0.997139 0 -0.0755849
    outer loop
      vertex 24.9492 0 29.0843
      vertex 24.9466 2 29.1186
      vertex 24.9492 2 29.0843
    endloop
  endfacet
  facet normal -0.997139 -0 -0.0755849
    outer loop
      vertex 24.9466 2 29.1186
      vertex 24.9492 0 29.0843
      vertex 24.9466 0 29.1186
    endloop
  endfacet
  facet normal -0.999728 0 -0.0233173
    outer loop
      vertex 24.95 0 29.05
      vertex 24.9492 2 29.0843
      vertex 24.95 2 29.05
    endloop
  endfacet
  facet normal -0.999728 -0 -0.0233173
    outer loop
      vertex 24.9492 2 29.0843
      vertex 24.95 0 29.05
      vertex 24.9492 0 29.0843
    endloop
  endfacet
  facet normal -0.689437 0 0.724345
    outer loop
      vertex 24.7201 2 28.5313
      vertex 24.745 0 28.555
      vertex 24.745 2 28.555
    endloop
  endfacet
  facet normal -0.689437 0 0.724345
    outer loop
      vertex 24.745 0 28.555
      vertex 24.7201 2 28.5313
      vertex 24.7201 0 28.5313
    endloop
  endfacet
  facet normal 0.964224 0 -0.265089
    outer loop
      vertex 23.5801 0 29.2532
      vertex 23.571 2 29.2201
      vertex 23.5801 2 29.2532
    endloop
  endfacet
  facet normal 0.964224 0 -0.265089
    outer loop
      vertex 23.571 2 29.2201
      vertex 23.5801 0 29.2532
      vertex 23.571 0 29.2201
    endloop
  endfacet
  facet normal -0.975219 0 -0.221244
    outer loop
      vertex 24.9366 0 29.1866
      vertex 24.929 2 29.2201
      vertex 24.9366 2 29.1866
    endloop
  endfacet
  facet normal -0.975219 -0 -0.221244
    outer loop
      vertex 24.929 2 29.2201
      vertex 24.9366 0 29.1866
      vertex 24.929 0 29.2201
    endloop
  endfacet
  facet normal -0.817451 0 0.575998
    outer loop
      vertex 24.8122 0 28.633
      vertex 24.832 2 28.6611
      vertex 24.8122 2 28.633
    endloop
  endfacet
  facet normal -0.817451 0 0.575998
    outer loop
      vertex 24.832 2 28.6611
      vertex 24.8122 0 28.633
      vertex 24.832 0 28.6611
    endloop
  endfacet
  facet normal 0.999728 -0 0.0233173
    outer loop
      vertex 23.55 0 29.05
      vertex 23.5508 2 29.0157
      vertex 23.55 2 29.05
    endloop
  endfacet
  facet normal 0.999728 0 0.0233173
    outer loop
      vertex 23.5508 2 29.0157
      vertex 23.55 0 29.05
      vertex 23.5508 0 29.0157
    endloop
  endfacet
  facet normal 0.9925 -0 0.122243
    outer loop
      vertex 23.5534 0 28.9814
      vertex 23.5576 2 28.9473
      vertex 23.5534 2 28.9814
    endloop
  endfacet
  facet normal 0.9925 0 0.122243
    outer loop
      vertex 23.5576 2 28.9473
      vertex 23.5534 0 28.9814
      vertex 23.5576 0 28.9473
    endloop
  endfacet
  facet normal -0.892676 0 0.450699
    outer loop
      vertex 24.8673 0 28.72
      vertex 24.8828 2 28.7507
      vertex 24.8673 2 28.72
    endloop
  endfacet
  facet normal -0.892676 0 0.450699
    outer loop
      vertex 24.8828 2 28.7507
      vertex 24.8673 0 28.72
      vertex 24.8828 0 28.7507
    endloop
  endfacet
  facet normal 0.975219 0 -0.221244
    outer loop
      vertex 23.571 0 29.2201
      vertex 23.5634 2 29.1866
      vertex 23.571 2 29.2201
    endloop
  endfacet
  facet normal 0.975219 0 -0.221244
    outer loop
      vertex 23.5634 2 29.1866
      vertex 23.571 0 29.2201
      vertex 23.5634 0 29.1866
    endloop
  endfacet
  facet normal 0.949264 0 -0.31448
    outer loop
      vertex 23.5909 0 29.2858
      vertex 23.5801 2 29.2532
      vertex 23.5909 2 29.2858
    endloop
  endfacet
  facet normal 0.949264 0 -0.31448
    outer loop
      vertex 23.5801 2 29.2532
      vertex 23.5909 0 29.2858
      vertex 23.5801 0 29.2532
    endloop
  endfacet
  facet normal 0.492057 0 -0.870563
    outer loop
      vertex 23.8901 0 29.6504
      vertex 23.92 2 29.6673
      vertex 23.92 0 29.6673
    endloop
  endfacet
  facet normal 0.492057 0 -0.870563
    outer loop
      vertex 23.92 2 29.6673
      vertex 23.8901 0 29.6504
      vertex 23.8901 2 29.6504
    endloop
  endfacet
  facet normal 0.168641 0 0.985678
    outer loop
      vertex 24.1134 2 28.3634
      vertex 24.1473 0 28.3576
      vertex 24.1473 2 28.3576
    endloop
  endfacet
  facet normal 0.168641 0 0.985678
    outer loop
      vertex 24.1473 0 28.3576
      vertex 24.1134 2 28.3634
      vertex 24.1134 0 28.3634
    endloop
  endfacet
  facet normal -0.985678 0 0.168641
    outer loop
      vertex 24.9366 0 28.9134
      vertex 24.9424 2 28.9473
      vertex 24.9366 2 28.9134
    endloop
  endfacet
  facet normal -0.985678 0 0.168641
    outer loop
      vertex 24.9424 2 28.9473
      vertex 24.9366 0 28.9134
      vertex 24.9424 0 28.9473
    endloop
  endfacet
  facet normal 0.652709 0 0.757609
    outer loop
      vertex 23.7799 2 28.5313
      vertex 23.8059 0 28.5089
      vertex 23.8059 2 28.5089
    endloop
  endfacet
  facet normal 0.652709 0 0.757609
    outer loop
      vertex 23.8059 0 28.5089
      vertex 23.7799 2 28.5313
      vertex 23.7799 0 28.5313
    endloop
  endfacet
  facet normal -0.450699 0 -0.892676
    outer loop
      vertex 24.5493 0 29.6828
      vertex 24.58 2 29.6673
      vertex 24.58 0 29.6673
    endloop
  endfacet
  facet normal -0.450699 0 -0.892676
    outer loop
      vertex 24.58 2 29.6673
      vertex 24.5493 0 29.6828
      vertex 24.5493 2 29.6828
    endloop
  endfacet
  facet normal 0.450699 0 -0.892676
    outer loop
      vertex 23.92 0 29.6673
      vertex 23.9507 2 29.6828
      vertex 23.9507 0 29.6828
    endloop
  endfacet
  facet normal 0.450699 0 -0.892676
    outer loop
      vertex 23.9507 2 29.6828
      vertex 23.92 0 29.6673
      vertex 23.92 2 29.6673
    endloop
  endfacet
  facet normal -0.9925 0 -0.122243
    outer loop
      vertex 24.9466 0 29.1186
      vertex 24.9424 2 29.1527
      vertex 24.9466 2 29.1186
    endloop
  endfacet
  facet normal -0.9925 -0 -0.122243
    outer loop
      vertex 24.9424 2 29.1527
      vertex 24.9466 0 29.1186
      vertex 24.9424 0 29.1527
    endloop
  endfacet
  facet normal 0.870563 0 -0.492057
    outer loop
      vertex 23.6496 0 29.4099
      vertex 23.6327 2 29.38
      vertex 23.6496 2 29.4099
    endloop
  endfacet
  facet normal 0.870563 0 -0.492057
    outer loop
      vertex 23.6327 2 29.38
      vertex 23.6496 0 29.4099
      vertex 23.6327 0 29.38
    endloop
  endfacet
  facet normal -0.9925 0 0.122243
    outer loop
      vertex 24.9424 0 28.9473
      vertex 24.9466 2 28.9814
      vertex 24.9424 2 28.9473
    endloop
  endfacet
  facet normal -0.9925 0 0.122243
    outer loop
      vertex 24.9466 2 28.9814
      vertex 24.9424 0 28.9473
      vertex 24.9466 0 28.9814
    endloop
  endfacet
  facet normal -0.31448 0 0.949264
    outer loop
      vertex 24.4532 2 28.3801
      vertex 24.4858 0 28.3909
      vertex 24.4858 2 28.3909
    endloop
  endfacet
  facet normal -0.31448 0 0.949264
    outer loop
      vertex 24.4858 0 28.3909
      vertex 24.4532 2 28.3801
      vertex 24.4532 0 28.3801
    endloop
  endfacet
  facet normal -0.265089 0 0.964224
    outer loop
      vertex 24.4201 2 28.371
      vertex 24.4532 0 28.3801
      vertex 24.4532 2 28.3801
    endloop
  endfacet
  facet normal -0.265089 0 0.964224
    outer loop
      vertex 24.4532 0 28.3801
      vertex 24.4201 2 28.371
      vertex 24.4201 0 28.371
    endloop
  endfacet
  facet normal 0.122243 0 -0.9925
    outer loop
      vertex 24.1473 0 29.7424
      vertex 24.1814 2 29.7466
      vertex 24.1814 0 29.7466
    endloop
  endfacet
  facet normal 0.122243 0 -0.9925
    outer loop
      vertex 24.1814 2 29.7466
      vertex 24.1473 0 29.7424
      vertex 24.1473 2 29.7424
    endloop
  endfacet
  facet normal -0.360342 0 -0.93282
    outer loop
      vertex 24.4858 0 29.7091
      vertex 24.5179 2 29.6967
      vertex 24.5179 0 29.6967
    endloop
  endfacet
  facet normal -0.360342 0 -0.93282
    outer loop
      vertex 24.5179 2 29.6967
      vertex 24.4858 0 29.7091
      vertex 24.4858 2 29.7091
    endloop
  endfacet
  facet normal 0.997139 -0 0.0755849
    outer loop
      vertex 23.5508 0 29.0157
      vertex 23.5534 2 28.9814
      vertex 23.5508 2 29.0157
    endloop
  endfacet
  facet normal 0.997139 0 0.0755849
    outer loop
      vertex 23.5534 2 28.9814
      vertex 23.5508 0 29.0157
      vertex 23.5534 0 28.9814
    endloop
  endfacet
  facet normal 0.964224 -0 0.265089
    outer loop
      vertex 23.571 0 28.8799
      vertex 23.5801 2 28.8468
      vertex 23.571 2 28.8799
    endloop
  endfacet
  facet normal 0.964224 0 0.265089
    outer loop
      vertex 23.5801 2 28.8468
      vertex 23.571 0 28.8799
      vertex 23.5801 0 28.8468
    endloop
  endfacet
  facet normal -0.949264 0 0.31448
    outer loop
      vertex 24.9091 0 28.8142
      vertex 24.9199 2 28.8468
      vertex 24.9091 2 28.8142
    endloop
  endfacet
  facet normal -0.949264 0 0.31448
    outer loop
      vertex 24.9199 2 28.8468
      vertex 24.9091 0 28.8142
      vertex 24.9199 0 28.8468
    endloop
  endfacet
  facet normal -0.949264 0 -0.31448
    outer loop
      vertex 24.9199 0 29.2532
      vertex 24.9091 2 29.2858
      vertex 24.9199 2 29.2532
    endloop
  endfacet
  facet normal -0.949264 -0 -0.31448
    outer loop
      vertex 24.9091 2 29.2858
      vertex 24.9199 0 29.2532
      vertex 24.9091 0 29.2858
    endloop
  endfacet
  facet normal 0.265089 0 -0.964224
    outer loop
      vertex 24.0468 0 29.7199
      vertex 24.0799 2 29.729
      vertex 24.0799 0 29.729
    endloop
  endfacet
  facet normal 0.265089 0 -0.964224
    outer loop
      vertex 24.0799 2 29.729
      vertex 24.0468 0 29.7199
      vertex 24.0468 2 29.7199
    endloop
  endfacet
  facet normal -0.757609 0 0.652709
    outer loop
      vertex 24.7687 0 28.5799
      vertex 24.7911 2 28.6059
      vertex 24.7687 2 28.5799
    endloop
  endfacet
  facet normal -0.757609 0 0.652709
    outer loop
      vertex 24.7911 2 28.6059
      vertex 24.7687 0 28.5799
      vertex 24.7911 0 28.6059
    endloop
  endfacet
  facet normal 0.265089 0 0.964224
    outer loop
      vertex 24.0468 2 28.3801
      vertex 24.0799 0 28.371
      vertex 24.0799 2 28.371
    endloop
  endfacet
  facet normal 0.265089 0 0.964224
    outer loop
      vertex 24.0799 0 28.371
      vertex 24.0468 2 28.3801
      vertex 24.0468 0 28.3801
    endloop
  endfacet
  facet normal -0.964224 0 -0.265089
    outer loop
      vertex 24.929 0 29.2201
      vertex 24.9199 2 29.2532
      vertex 24.929 2 29.2201
    endloop
  endfacet
  facet normal -0.964224 -0 -0.265089
    outer loop
      vertex 24.9199 2 29.2532
      vertex 24.929 0 29.2201
      vertex 24.9199 0 29.2532
    endloop
  endfacet
  facet normal -0.535745 0 -0.84438
    outer loop
      vertex 24.6099 0 29.6504
      vertex 24.6389 2 29.632
      vertex 24.6389 0 29.632
    endloop
  endfacet
  facet normal -0.535745 0 -0.84438
    outer loop
      vertex 24.6389 2 29.632
      vertex 24.6099 0 29.6504
      vertex 24.6099 2 29.6504
    endloop
  endfacet
  facet normal -0.789039 0 0.614344
    outer loop
      vertex 24.7911 0 28.6059
      vertex 24.8122 2 28.633
      vertex 24.7911 2 28.6059
    endloop
  endfacet
  facet normal -0.789039 0 0.614344
    outer loop
      vertex 24.8122 2 28.633
      vertex 24.7911 0 28.6059
      vertex 24.8122 0 28.633
    endloop
  endfacet
  facet normal 0.450699 0 0.892676
    outer loop
      vertex 23.92 2 28.4327
      vertex 23.9507 0 28.4172
      vertex 23.9507 2 28.4172
    endloop
  endfacet
  facet normal 0.450699 0 0.892676
    outer loop
      vertex 23.9507 0 28.4172
      vertex 23.92 2 28.4327
      vertex 23.92 0 28.4327
    endloop
  endfacet
  facet normal -0.31448 0 -0.949264
    outer loop
      vertex 24.4532 0 29.7199
      vertex 24.4858 2 29.7091
      vertex 24.4858 0 29.7091
    endloop
  endfacet
  facet normal -0.31448 0 -0.949264
    outer loop
      vertex 24.4858 2 29.7091
      vertex 24.4532 0 29.7199
      vertex 24.4532 2 29.7199
    endloop
  endfacet
  facet normal -0.724345 0 -0.689437
    outer loop
      vertex 24.7687 0 29.5201
      vertex 24.745 2 29.545
      vertex 24.7687 2 29.5201
    endloop
  endfacet
  facet normal -0.724345 -0 -0.689437
    outer loop
      vertex 24.745 2 29.545
      vertex 24.7687 0 29.5201
      vertex 24.745 0 29.545
    endloop
  endfacet
  facet normal -0.870563 0 -0.492057
    outer loop
      vertex 24.8673 0 29.38
      vertex 24.8504 2 29.4099
      vertex 24.8673 2 29.38
    endloop
  endfacet
  facet normal -0.870563 -0 -0.492057
    outer loop
      vertex 24.8504 2 29.4099
      vertex 24.8673 0 29.38
      vertex 24.8504 0 29.4099
    endloop
  endfacet
  facet normal -0.168641 0 0.985678
    outer loop
      vertex 24.3527 2 28.3576
      vertex 24.3866 0 28.3634
      vertex 24.3866 2 28.3634
    endloop
  endfacet
  facet normal -0.168641 0 0.985678
    outer loop
      vertex 24.3866 0 28.3634
      vertex 24.3527 2 28.3576
      vertex 24.3527 0 28.3576
    endloop
  endfacet
  facet normal -0.450699 0 0.892676
    outer loop
      vertex 24.5493 2 28.4172
      vertex 24.58 0 28.4327
      vertex 24.58 2 28.4327
    endloop
  endfacet
  facet normal -0.450699 0 0.892676
    outer loop
      vertex 24.58 0 28.4327
      vertex 24.5493 2 28.4172
      vertex 24.5493 0 28.4172
    endloop
  endfacet
  facet normal -0.84438 0 -0.535745
    outer loop
      vertex 24.8504 0 29.4099
      vertex 24.832 2 29.4389
      vertex 24.8504 2 29.4099
    endloop
  endfacet
  facet normal -0.84438 -0 -0.535745
    outer loop
      vertex 24.832 2 29.4389
      vertex 24.8504 0 29.4099
      vertex 24.832 0 29.4389
    endloop
  endfacet
  facet normal -0.999728 0 0.0233173
    outer loop
      vertex 24.9492 0 29.0157
      vertex 24.95 2 29.05
      vertex 24.9492 2 29.0157
    endloop
  endfacet
  facet normal -0.999728 0 0.0233173
    outer loop
      vertex 24.95 2 29.05
      vertex 24.9492 0 29.0157
      vertex 24.95 0 29.05
    endloop
  endfacet
  facet normal 0.171464 0 -0.98519
    outer loop
      vertex 24.1134 0 29.7365
      vertex 24.1473 2 29.7424
      vertex 24.1473 0 29.7424
    endloop
  endfacet
  facet normal 0.171464 0 -0.98519
    outer loop
      vertex 24.1473 2 29.7424
      vertex 24.1134 0 29.7365
      vertex 24.1134 2 29.7365
    endloop
  endfacet
  facet normal -0.265089 0 -0.964224
    outer loop
      vertex 24.4201 0 29.729
      vertex 24.4532 2 29.7199
      vertex 24.4532 0 29.7199
    endloop
  endfacet
  facet normal -0.265089 0 -0.964224
    outer loop
      vertex 24.4532 2 29.7199
      vertex 24.4201 0 29.729
      vertex 24.4201 2 29.729
    endloop
  endfacet
  facet normal 0.789039 -0 0.614344
    outer loop
      vertex 23.6878 0 28.633
      vertex 23.7089 2 28.6059
      vertex 23.6878 2 28.633
    endloop
  endfacet
  facet normal 0.789039 0 0.614344
    outer loop
      vertex 23.7089 2 28.6059
      vertex 23.6878 0 28.633
      vertex 23.7089 0 28.6059
    endloop
  endfacet
  facet normal -0.93282 0 0.360342
    outer loop
      vertex 24.8967 0 28.7821
      vertex 24.9091 2 28.8142
      vertex 24.8967 2 28.7821
    endloop
  endfacet
  facet normal -0.93282 0 0.360342
    outer loop
      vertex 24.9091 2 28.8142
      vertex 24.8967 0 28.7821
      vertex 24.9091 0 28.8142
    endloop
  endfacet
  facet normal 0.0233173 0 -0.999728
    outer loop
      vertex 24.2157 0 29.7492
      vertex 24.25 2 29.75
      vertex 24.25 0 29.75
    endloop
  endfacet
  facet normal 0.0233173 0 -0.999728
    outer loop
      vertex 24.25 2 29.75
      vertex 24.2157 0 29.7492
      vertex 24.2157 2 29.7492
    endloop
  endfacet
  facet normal -0.789039 0 -0.614344
    outer loop
      vertex 24.8122 0 29.467
      vertex 24.7911 2 29.4941
      vertex 24.8122 2 29.467
    endloop
  endfacet
  facet normal -0.789039 -0 -0.614344
    outer loop
      vertex 24.7911 2 29.4941
      vertex 24.8122 0 29.467
      vertex 24.7911 0 29.4941
    endloop
  endfacet
  facet normal -0.914411 0 -0.404787
    outer loop
      vertex 24.8967 0 29.3179
      vertex 24.8828 2 29.3493
      vertex 24.8967 2 29.3179
    endloop
  endfacet
  facet normal -0.914411 -0 -0.404787
    outer loop
      vertex 24.8828 2 29.3493
      vertex 24.8967 0 29.3179
      vertex 24.8828 0 29.3493
    endloop
  endfacet
  facet normal -0.614344 0 0.789039
    outer loop
      vertex 24.667 2 28.4878
      vertex 24.6941 0 28.5089
      vertex 24.6941 2 28.5089
    endloop
  endfacet
  facet normal -0.614344 0 0.789039
    outer loop
      vertex 24.6941 0 28.5089
      vertex 24.667 2 28.4878
      vertex 24.667 0 28.4878
    endloop
  endfacet
  facet normal -0.964224 0 0.265089
    outer loop
      vertex 24.9199 0 28.8468
      vertex 24.929 2 28.8799
      vertex 24.9199 2 28.8468
    endloop
  endfacet
  facet normal -0.964224 0 0.265089
    outer loop
      vertex 24.929 2 28.8799
      vertex 24.9199 0 28.8468
      vertex 24.929 0 28.8799
    endloop
  endfacet
  facet normal -0.975219 0 0.221244
    outer loop
      vertex 24.929 0 28.8799
      vertex 24.9366 2 28.9134
      vertex 24.929 2 28.8799
    endloop
  endfacet
  facet normal -0.975219 0 0.221244
    outer loop
      vertex 24.9366 2 28.9134
      vertex 24.929 0 28.8799
      vertex 24.9366 0 28.9134
    endloop
  endfacet
  facet normal -0.652709 0 0.757609
    outer loop
      vertex 24.6941 2 28.5089
      vertex 24.7201 0 28.5313
      vertex 24.7201 2 28.5313
    endloop
  endfacet
  facet normal -0.652709 0 0.757609
    outer loop
      vertex 24.7201 0 28.5313
      vertex 24.6941 2 28.5089
      vertex 24.6941 0 28.5089
    endloop
  endfacet
  facet normal 0.0755849 0 -0.997139
    outer loop
      vertex 24.1814 0 29.7466
      vertex 24.2157 2 29.7492
      vertex 24.2157 0 29.7492
    endloop
  endfacet
  facet normal 0.0755849 0 -0.997139
    outer loop
      vertex 24.2157 2 29.7492
      vertex 24.1814 0 29.7466
      vertex 24.1814 2 29.7466
    endloop
  endfacet
  facet normal -0.997139 0 0.0755849
    outer loop
      vertex 24.9466 0 28.9814
      vertex 24.9492 2 29.0157
      vertex 24.9466 2 28.9814
    endloop
  endfacet
  facet normal -0.997139 0 0.0755849
    outer loop
      vertex 24.9492 2 29.0157
      vertex 24.9466 0 28.9814
      vertex 24.9492 0 29.0157
    endloop
  endfacet
  facet normal 0.360342 0 0.93282
    outer loop
      vertex 23.9821 2 28.4033
      vertex 24.0142 0 28.3909
      vertex 24.0142 2 28.3909
    endloop
  endfacet
  facet normal 0.360342 0 0.93282
    outer loop
      vertex 24.0142 0 28.3909
      vertex 23.9821 2 28.4033
      vertex 23.9821 0 28.4033
    endloop
  endfacet
  facet normal 0.689437 0 -0.724345
    outer loop
      vertex 23.755 0 29.545
      vertex 23.7799 2 29.5687
      vertex 23.7799 0 29.5687
    endloop
  endfacet
  facet normal 0.689437 0 -0.724345
    outer loop
      vertex 23.7799 2 29.5687
      vertex 23.755 0 29.545
      vertex 23.755 2 29.545
    endloop
  endfacet
  facet normal 0.575998 0 -0.817451
    outer loop
      vertex 23.833 0 29.6122
      vertex 23.8611 2 29.632
      vertex 23.8611 0 29.632
    endloop
  endfacet
  facet normal 0.575998 0 -0.817451
    outer loop
      vertex 23.8611 2 29.632
      vertex 23.833 0 29.6122
      vertex 23.833 2 29.6122
    endloop
  endfacet
  facet normal 0.757609 -0 0.652709
    outer loop
      vertex 23.7089 0 28.6059
      vertex 23.7313 2 28.5799
      vertex 23.7089 2 28.6059
    endloop
  endfacet
  facet normal 0.757609 0 0.652709
    outer loop
      vertex 23.7313 2 28.5799
      vertex 23.7089 0 28.6059
      vertex 23.7313 0 28.5799
    endloop
  endfacet
  facet normal -0.221244 0 0.975219
    outer loop
      vertex 24.3866 2 28.3634
      vertex 24.4201 0 28.371
      vertex 24.4201 2 28.371
    endloop
  endfacet
  facet normal -0.221244 0 0.975219
    outer loop
      vertex 24.4201 0 28.371
      vertex 24.3866 2 28.3634
      vertex 24.3866 0 28.3634
    endloop
  endfacet
  facet normal -0.360342 0 0.93282
    outer loop
      vertex 24.4858 2 28.3909
      vertex 24.5179 0 28.4033
      vertex 24.5179 2 28.4033
    endloop
  endfacet
  facet normal -0.360342 0 0.93282
    outer loop
      vertex 24.5179 0 28.4033
      vertex 24.4858 2 28.3909
      vertex 24.4858 0 28.3909
    endloop
  endfacet
  facet normal -0.870563 0 0.492057
    outer loop
      vertex 24.8504 0 28.6901
      vertex 24.8673 2 28.72
      vertex 24.8504 2 28.6901
    endloop
  endfacet
  facet normal -0.870563 0 0.492057
    outer loop
      vertex 24.8673 2 28.72
      vertex 24.8504 0 28.6901
      vertex 24.8673 0 28.72
    endloop
  endfacet
  facet normal 0.724345 0 -0.689437
    outer loop
      vertex 23.755 0 29.545
      vertex 23.7313 2 29.5201
      vertex 23.755 2 29.545
    endloop
  endfacet
  facet normal 0.724345 0 -0.689437
    outer loop
      vertex 23.7313 2 29.5201
      vertex 23.755 0 29.545
      vertex 23.7313 0 29.5201
    endloop
  endfacet
  facet normal 0.652709 0 -0.757609
    outer loop
      vertex 23.7799 0 29.5687
      vertex 23.8059 2 29.5911
      vertex 23.8059 0 29.5911
    endloop
  endfacet
  facet normal 0.652709 0 -0.757609
    outer loop
      vertex 23.8059 2 29.5911
      vertex 23.7799 0 29.5687
      vertex 23.7799 2 29.5687
    endloop
  endfacet
  facet normal 0.575998 0 0.817451
    outer loop
      vertex 23.833 2 28.4878
      vertex 23.8611 0 28.468
      vertex 23.8611 2 28.468
    endloop
  endfacet
  facet normal 0.575998 0 0.817451
    outer loop
      vertex 23.8611 0 28.468
      vertex 23.833 2 28.4878
      vertex 23.833 0 28.4878
    endloop
  endfacet
  facet normal 0.93282 0 -0.360342
    outer loop
      vertex 23.6033 0 29.3179
      vertex 23.5909 2 29.2858
      vertex 23.6033 2 29.3179
    endloop
  endfacet
  facet normal 0.93282 0 -0.360342
    outer loop
      vertex 23.5909 2 29.2858
      vertex 23.6033 0 29.3179
      vertex 23.5909 0 29.2858
    endloop
  endfacet
  facet normal 0.999728 0 -0.0233173
    outer loop
      vertex 23.5508 0 29.0843
      vertex 23.55 2 29.05
      vertex 23.5508 2 29.0843
    endloop
  endfacet
  facet normal 0.999728 0 -0.0233173
    outer loop
      vertex 23.55 2 29.05
      vertex 23.5508 0 29.0843
      vertex 23.55 0 29.05
    endloop
  endfacet
  facet normal 0.914411 -0 0.404787
    outer loop
      vertex 23.6033 0 28.7821
      vertex 23.6172 2 28.7507
      vertex 23.6033 2 28.7821
    endloop
  endfacet
  facet normal 0.914411 0 0.404787
    outer loop
      vertex 23.6172 2 28.7507
      vertex 23.6033 0 28.7821
      vertex 23.6172 0 28.7507
    endloop
  endfacet
  facet normal -0.985678 0 -0.168641
    outer loop
      vertex 24.9424 0 29.1527
      vertex 24.9366 2 29.1866
      vertex 24.9424 2 29.1527
    endloop
  endfacet
  facet normal -0.985678 -0 -0.168641
    outer loop
      vertex 24.9366 2 29.1866
      vertex 24.9424 0 29.1527
      vertex 24.9366 0 29.1866
    endloop
  endfacet
  facet normal 0.0233173 0 0.999728
    outer loop
      vertex 24.2157 2 28.3508
      vertex 24.25 0 28.35
      vertex 24.25 2 28.35
    endloop
  endfacet
  facet normal 0.0233173 0 0.999728
    outer loop
      vertex 24.25 0 28.35
      vertex 24.2157 2 28.3508
      vertex 24.2157 0 28.3508
    endloop
  endfacet
  facet normal -0.0233173 0 -0.999728
    outer loop
      vertex 24.25 0 29.75
      vertex 24.2843 2 29.7492
      vertex 24.2843 0 29.7492
    endloop
  endfacet
  facet normal -0.0233173 0 -0.999728
    outer loop
      vertex 24.2843 2 29.7492
      vertex 24.25 0 29.75
      vertex 24.25 2 29.75
    endloop
  endfacet
  facet normal -0.404787 0 0.914411
    outer loop
      vertex 24.5179 2 28.4033
      vertex 24.5493 0 28.4172
      vertex 24.5493 2 28.4172
    endloop
  endfacet
  facet normal -0.404787 0 0.914411
    outer loop
      vertex 24.5493 0 28.4172
      vertex 24.5179 2 28.4033
      vertex 24.5179 0 28.4033
    endloop
  endfacet
  facet normal -0.817451 0 -0.575998
    outer loop
      vertex 24.832 0 29.4389
      vertex 24.8122 2 29.467
      vertex 24.832 2 29.4389
    endloop
  endfacet
  facet normal -0.817451 -0 -0.575998
    outer loop
      vertex 24.8122 2 29.467
      vertex 24.832 0 29.4389
      vertex 24.8122 0 29.467
    endloop
  endfacet
  facet normal 0.31448 0 0.949264
    outer loop
      vertex 24.0142 2 28.3909
      vertex 24.0468 0 28.3801
      vertex 24.0468 2 28.3801
    endloop
  endfacet
  facet normal 0.31448 0 0.949264
    outer loop
      vertex 24.0468 0 28.3801
      vertex 24.0142 2 28.3909
      vertex 24.0142 0 28.3909
    endloop
  endfacet
  facet normal -0.218472 0 -0.975843
    outer loop
      vertex 24.3866 0 29.7365
      vertex 24.4201 2 29.729
      vertex 24.4201 0 29.729
    endloop
  endfacet
  facet normal -0.218472 0 -0.975843
    outer loop
      vertex 24.4201 2 29.729
      vertex 24.3866 0 29.7365
      vertex 24.3866 2 29.7365
    endloop
  endfacet
  facet normal -0.892676 0 -0.450699
    outer loop
      vertex 24.8828 0 29.3493
      vertex 24.8673 2 29.38
      vertex 24.8828 2 29.3493
    endloop
  endfacet
  facet normal -0.892676 -0 -0.450699
    outer loop
      vertex 24.8673 2 29.38
      vertex 24.8828 0 29.3493
      vertex 24.8673 0 29.38
    endloop
  endfacet
  facet normal -0.0233173 0 0.999728
    outer loop
      vertex 24.25 2 28.35
      vertex 24.2843 0 28.3508
      vertex 24.2843 2 28.3508
    endloop
  endfacet
  facet normal -0.0233173 0 0.999728
    outer loop
      vertex 24.2843 0 28.3508
      vertex 24.25 2 28.35
      vertex 24.25 0 28.35
    endloop
  endfacet
  facet normal 0.949264 -0 0.31448
    outer loop
      vertex 23.5801 0 28.8468
      vertex 23.5909 2 28.8142
      vertex 23.5801 2 28.8468
    endloop
  endfacet
  facet normal 0.949264 0 0.31448
    outer loop
      vertex 23.5909 2 28.8142
      vertex 23.5801 0 28.8468
      vertex 23.5909 0 28.8142
    endloop
  endfacet
  facet normal 0.817451 -0 0.575998
    outer loop
      vertex 23.668 0 28.6611
      vertex 23.6878 2 28.633
      vertex 23.668 2 28.6611
    endloop
  endfacet
  facet normal 0.817451 0 0.575998
    outer loop
      vertex 23.6878 2 28.633
      vertex 23.668 0 28.6611
      vertex 23.6878 0 28.633
    endloop
  endfacet
  facet normal -0.652709 0 -0.757609
    outer loop
      vertex 24.6941 0 29.5911
      vertex 24.7201 2 29.5687
      vertex 24.7201 0 29.5687
    endloop
  endfacet
  facet normal -0.652709 0 -0.757609
    outer loop
      vertex 24.7201 2 29.5687
      vertex 24.6941 0 29.5911
      vertex 24.6941 2 29.5911
    endloop
  endfacet
  facet normal -0.614344 0 -0.789039
    outer loop
      vertex 24.667 0 29.6122
      vertex 24.6941 2 29.5911
      vertex 24.6941 0 29.5911
    endloop
  endfacet
  facet normal -0.614344 0 -0.789039
    outer loop
      vertex 24.6941 2 29.5911
      vertex 24.667 0 29.6122
      vertex 24.667 2 29.6122
    endloop
  endfacet
  facet normal -0.575998 0 -0.817451
    outer loop
      vertex 24.6389 0 29.632
      vertex 24.667 2 29.6122
      vertex 24.667 0 29.6122
    endloop
  endfacet
  facet normal -0.575998 0 -0.817451
    outer loop
      vertex 24.667 2 29.6122
      vertex 24.6389 0 29.632
      vertex 24.6389 2 29.632
    endloop
  endfacet
  facet normal -0.404787 0 -0.914411
    outer loop
      vertex 24.5179 0 29.6967
      vertex 24.5493 2 29.6828
      vertex 24.5493 0 29.6828
    endloop
  endfacet
  facet normal -0.404787 0 -0.914411
    outer loop
      vertex 24.5493 2 29.6828
      vertex 24.5179 0 29.6967
      vertex 24.5179 2 29.6967
    endloop
  endfacet
  facet normal 0.724345 -0 0.689437
    outer loop
      vertex 23.7313 0 28.5799
      vertex 23.755 2 28.555
      vertex 23.7313 2 28.5799
    endloop
  endfacet
  facet normal 0.724345 0 0.689437
    outer loop
      vertex 23.755 2 28.555
      vertex 23.7313 0 28.5799
      vertex 23.755 0 28.555
    endloop
  endfacet
  facet normal -0.93282 0 -0.360342
    outer loop
      vertex 24.9091 0 29.2858
      vertex 24.8967 2 29.3179
      vertex 24.9091 2 29.2858
    endloop
  endfacet
  facet normal -0.93282 -0 -0.360342
    outer loop
      vertex 24.8967 2 29.3179
      vertex 24.9091 0 29.2858
      vertex 24.8967 0 29.3179
    endloop
  endfacet
  facet normal -0.689437 0 -0.724345
    outer loop
      vertex 24.7201 0 29.5687
      vertex 24.745 2 29.545
      vertex 24.745 0 29.545
    endloop
  endfacet
  facet normal -0.689437 0 -0.724345
    outer loop
      vertex 24.745 2 29.545
      vertex 24.7201 0 29.5687
      vertex 24.7201 2 29.5687
    endloop
  endfacet
  facet normal 0.404787 0 -0.914411
    outer loop
      vertex 23.9507 0 29.6828
      vertex 23.9821 2 29.6967
      vertex 23.9821 0 29.6967
    endloop
  endfacet
  facet normal 0.404787 0 -0.914411
    outer loop
      vertex 23.9821 2 29.6967
      vertex 23.9507 0 29.6828
      vertex 23.9507 2 29.6828
    endloop
  endfacet
  facet normal 0.535745 0 -0.84438
    outer loop
      vertex 23.8611 0 29.632
      vertex 23.8901 2 29.6504
      vertex 23.8901 0 29.6504
    endloop
  endfacet
  facet normal 0.535745 0 -0.84438
    outer loop
      vertex 23.8901 2 29.6504
      vertex 23.8611 0 29.632
      vertex 23.8611 2 29.632
    endloop
  endfacet
  facet normal 0.360342 0 -0.93282
    outer loop
      vertex 23.9821 0 29.6967
      vertex 24.0142 2 29.7091
      vertex 24.0142 0 29.7091
    endloop
  endfacet
  facet normal 0.360342 0 -0.93282
    outer loop
      vertex 24.0142 2 29.7091
      vertex 23.9821 0 29.6967
      vertex 23.9821 2 29.6967
    endloop
  endfacet
  facet normal 0.218472 0 -0.975843
    outer loop
      vertex 24.0799 0 29.729
      vertex 24.1134 2 29.7365
      vertex 24.1134 0 29.7365
    endloop
  endfacet
  facet normal 0.218472 0 -0.975843
    outer loop
      vertex 24.1134 2 29.7365
      vertex 24.0799 0 29.729
      vertex 24.0799 2 29.729
    endloop
  endfacet
  facet normal 0.975219 -0 0.221244
    outer loop
      vertex 23.5634 0 28.9134
      vertex 23.571 2 28.8799
      vertex 23.5634 2 28.9134
    endloop
  endfacet
  facet normal 0.975219 0 0.221244
    outer loop
      vertex 23.571 2 28.8799
      vertex 23.5634 0 28.9134
      vertex 23.571 0 28.8799
    endloop
  endfacet
  facet normal -0.492057 0 0.870563
    outer loop
      vertex 24.58 2 28.4327
      vertex 24.6099 0 28.4496
      vertex 24.6099 2 28.4496
    endloop
  endfacet
  facet normal -0.492057 0 0.870563
    outer loop
      vertex 24.6099 0 28.4496
      vertex 24.58 2 28.4327
      vertex 24.58 0 28.4327
    endloop
  endfacet
  facet normal 0.985678 -0 0.168641
    outer loop
      vertex 23.5576 0 28.9473
      vertex 23.5634 2 28.9134
      vertex 23.5576 2 28.9473
    endloop
  endfacet
  facet normal 0.985678 0 0.168641
    outer loop
      vertex 23.5634 2 28.9134
      vertex 23.5576 0 28.9473
      vertex 23.5634 0 28.9134
    endloop
  endfacet
  facet normal 0.789039 0 -0.614344
    outer loop
      vertex 23.7089 0 29.4941
      vertex 23.6878 2 29.467
      vertex 23.7089 2 29.4941
    endloop
  endfacet
  facet normal 0.789039 0 -0.614344
    outer loop
      vertex 23.6878 2 29.467
      vertex 23.7089 0 29.4941
      vertex 23.6878 0 29.467
    endloop
  endfacet
  facet normal 0.535745 0 0.84438
    outer loop
      vertex 23.8611 2 28.468
      vertex 23.8901 0 28.4496
      vertex 23.8901 2 28.4496
    endloop
  endfacet
  facet normal 0.535745 0 0.84438
    outer loop
      vertex 23.8901 0 28.4496
      vertex 23.8611 2 28.468
      vertex 23.8611 0 28.468
    endloop
  endfacet
  facet normal -0.535745 0 0.84438
    outer loop
      vertex 24.6099 2 28.4496
      vertex 24.6389 0 28.468
      vertex 24.6389 2 28.468
    endloop
  endfacet
  facet normal -0.535745 0 0.84438
    outer loop
      vertex 24.6389 0 28.468
      vertex 24.6099 2 28.4496
      vertex 24.6099 0 28.4496
    endloop
  endfacet
  facet normal 0.892676 -0 0.450699
    outer loop
      vertex 23.6172 0 28.7507
      vertex 23.6327 2 28.72
      vertex 23.6172 2 28.7507
    endloop
  endfacet
  facet normal 0.892676 0 0.450699
    outer loop
      vertex 23.6327 2 28.72
      vertex 23.6172 0 28.7507
      vertex 23.6327 0 28.72
    endloop
  endfacet
  facet normal -0.84438 0 0.535745
    outer loop
      vertex 24.832 0 28.6611
      vertex 24.8504 2 28.6901
      vertex 24.832 2 28.6611
    endloop
  endfacet
  facet normal -0.84438 0 0.535745
    outer loop
      vertex 24.8504 2 28.6901
      vertex 24.832 0 28.6611
      vertex 24.8504 0 28.6901
    endloop
  endfacet
  facet normal 0.93282 -0 0.360342
    outer loop
      vertex 23.5909 0 28.8142
      vertex 23.6033 2 28.7821
      vertex 23.5909 2 28.8142
    endloop
  endfacet
  facet normal 0.93282 0 0.360342
    outer loop
      vertex 23.6033 2 28.7821
      vertex 23.5909 0 28.8142
      vertex 23.6033 0 28.7821
    endloop
  endfacet
  facet normal -0.914411 0 0.404787
    outer loop
      vertex 24.8828 0 28.7507
      vertex 24.8967 2 28.7821
      vertex 24.8828 2 28.7507
    endloop
  endfacet
  facet normal -0.914411 0 0.404787
    outer loop
      vertex 24.8967 2 28.7821
      vertex 24.8828 0 28.7507
      vertex 24.8967 0 28.7821
    endloop
  endfacet
  facet normal 0.122243 0 0.9925
    outer loop
      vertex 24.1473 2 28.3576
      vertex 24.1814 0 28.3534
      vertex 24.1814 2 28.3534
    endloop
  endfacet
  facet normal 0.122243 0 0.9925
    outer loop
      vertex 24.1814 0 28.3534
      vertex 24.1473 2 28.3576
      vertex 24.1473 0 28.3576
    endloop
  endfacet
  facet normal -0.575998 0 0.817451
    outer loop
      vertex 24.6389 2 28.468
      vertex 24.667 0 28.4878
      vertex 24.667 2 28.4878
    endloop
  endfacet
  facet normal -0.575998 0 0.817451
    outer loop
      vertex 24.667 0 28.4878
      vertex 24.6389 2 28.468
      vertex 24.6389 0 28.468
    endloop
  endfacet
  facet normal 0.9925 0 -0.122243
    outer loop
      vertex 23.5576 0 29.1527
      vertex 23.5534 2 29.1186
      vertex 23.5576 2 29.1527
    endloop
  endfacet
  facet normal 0.9925 0 -0.122243
    outer loop
      vertex 23.5534 2 29.1186
      vertex 23.5576 0 29.1527
      vertex 23.5534 0 29.1186
    endloop
  endfacet
  facet normal 0.985678 0 -0.168641
    outer loop
      vertex 23.5634 0 29.1866
      vertex 23.5576 2 29.1527
      vertex 23.5634 2 29.1866
    endloop
  endfacet
  facet normal 0.985678 0 -0.168641
    outer loop
      vertex 23.5576 2 29.1527
      vertex 23.5634 0 29.1866
      vertex 23.5576 0 29.1527
    endloop
  endfacet
  facet normal 0.614344 0 -0.789039
    outer loop
      vertex 23.8059 0 29.5911
      vertex 23.833 2 29.6122
      vertex 23.833 0 29.6122
    endloop
  endfacet
  facet normal 0.614344 0 -0.789039
    outer loop
      vertex 23.833 2 29.6122
      vertex 23.8059 0 29.5911
      vertex 23.8059 2 29.5911
    endloop
  endfacet
  facet normal -0.0755849 0 0.997139
    outer loop
      vertex 24.2843 2 28.3508
      vertex 24.3186 0 28.3534
      vertex 24.3186 2 28.3534
    endloop
  endfacet
  facet normal -0.0755849 0 0.997139
    outer loop
      vertex 24.3186 0 28.3534
      vertex 24.2843 2 28.3508
      vertex 24.2843 0 28.3508
    endloop
  endfacet
  facet normal -0.122243 0 0.9925
    outer loop
      vertex 24.3186 2 28.3534
      vertex 24.3527 0 28.3576
      vertex 24.3527 2 28.3576
    endloop
  endfacet
  facet normal -0.122243 0 0.9925
    outer loop
      vertex 24.3527 0 28.3576
      vertex 24.3186 2 28.3534
      vertex 24.3186 0 28.3534
    endloop
  endfacet
  facet normal 0.84438 0 -0.535745
    outer loop
      vertex 23.668 0 29.4389
      vertex 23.6496 2 29.4099
      vertex 23.668 2 29.4389
    endloop
  endfacet
  facet normal 0.84438 0 -0.535745
    outer loop
      vertex 23.6496 2 29.4099
      vertex 23.668 0 29.4389
      vertex 23.6496 0 29.4099
    endloop
  endfacet
  facet normal -0.0755849 0 -0.997139
    outer loop
      vertex 24.2843 0 29.7492
      vertex 24.3186 2 29.7466
      vertex 24.3186 0 29.7466
    endloop
  endfacet
  facet normal -0.0755849 0 -0.997139
    outer loop
      vertex 24.3186 2 29.7466
      vertex 24.2843 0 29.7492
      vertex 24.2843 2 29.7492
    endloop
  endfacet
  facet normal -0.122243 0 -0.9925
    outer loop
      vertex 24.3186 0 29.7466
      vertex 24.3527 2 29.7424
      vertex 24.3527 0 29.7424
    endloop
  endfacet
  facet normal -0.122243 0 -0.9925
    outer loop
      vertex 24.3527 2 29.7424
      vertex 24.3186 0 29.7466
      vertex 24.3186 2 29.7466
    endloop
  endfacet
  facet normal -0.492057 0 -0.870563
    outer loop
      vertex 24.58 0 29.6673
      vertex 24.6099 2 29.6504
      vertex 24.6099 0 29.6504
    endloop
  endfacet
  facet normal -0.492057 0 -0.870563
    outer loop
      vertex 24.6099 2 29.6504
      vertex 24.58 0 29.6673
      vertex 24.58 2 29.6673
    endloop
  endfacet
  facet normal 0.817451 0 -0.575998
    outer loop
      vertex 23.6878 0 29.467
      vertex 23.668 2 29.4389
      vertex 23.6878 2 29.467
    endloop
  endfacet
  facet normal 0.817451 0 -0.575998
    outer loop
      vertex 23.668 2 29.4389
      vertex 23.6878 0 29.467
      vertex 23.668 0 29.4389
    endloop
  endfacet
  facet normal 0.997139 0 -0.0755849
    outer loop
      vertex 23.5534 0 29.1186
      vertex 23.5508 2 29.0843
      vertex 23.5534 2 29.1186
    endloop
  endfacet
  facet normal 0.997139 0 -0.0755849
    outer loop
      vertex 23.5508 2 29.0843
      vertex 23.5534 0 29.1186
      vertex 23.5508 0 29.0843
    endloop
  endfacet
  facet normal 0.689437 0 0.724345
    outer loop
      vertex 23.755 2 28.555
      vertex 23.7799 0 28.5313
      vertex 23.7799 2 28.5313
    endloop
  endfacet
  facet normal 0.689437 0 0.724345
    outer loop
      vertex 23.7799 0 28.5313
      vertex 23.755 2 28.555
      vertex 23.755 0 28.555
    endloop
  endfacet
  facet normal 0.84438 -0 0.535745
    outer loop
      vertex 23.6496 0 28.6901
      vertex 23.668 2 28.6611
      vertex 23.6496 2 28.6901
    endloop
  endfacet
  facet normal 0.84438 0 0.535745
    outer loop
      vertex 23.668 2 28.6611
      vertex 23.6496 0 28.6901
      vertex 23.668 0 28.6611
    endloop
  endfacet
  facet normal 0.31448 0 -0.949264
    outer loop
      vertex 24.0142 0 29.7091
      vertex 24.0468 2 29.7199
      vertex 24.0468 0 29.7199
    endloop
  endfacet
  facet normal 0.31448 0 -0.949264
    outer loop
      vertex 24.0468 2 29.7199
      vertex 24.0142 0 29.7091
      vertex 24.0142 2 29.7091
    endloop
  endfacet
  facet normal 0.757609 0 -0.652709
    outer loop
      vertex 23.7313 0 29.5201
      vertex 23.7089 2 29.4941
      vertex 23.7313 2 29.5201
    endloop
  endfacet
  facet normal 0.757609 0 -0.652709
    outer loop
      vertex 23.7089 2 29.4941
      vertex 23.7313 0 29.5201
      vertex 23.7089 0 29.4941
    endloop
  endfacet
  facet normal -0.757609 0 -0.652709
    outer loop
      vertex 24.7911 0 29.4941
      vertex 24.7687 2 29.5201
      vertex 24.7911 2 29.4941
    endloop
  endfacet
  facet normal -0.757609 -0 -0.652709
    outer loop
      vertex 24.7687 2 29.5201
      vertex 24.7911 0 29.4941
      vertex 24.7687 0 29.5201
    endloop
  endfacet
  facet normal 0.614344 0 0.789039
    outer loop
      vertex 23.8059 2 28.5089
      vertex 23.833 0 28.4878
      vertex 23.833 2 28.4878
    endloop
  endfacet
  facet normal 0.614344 0 0.789039
    outer loop
      vertex 23.833 0 28.4878
      vertex 23.8059 2 28.5089
      vertex 23.8059 0 28.5089
    endloop
  endfacet
  facet normal -0.724345 0 0.689437
    outer loop
      vertex 24.745 0 28.555
      vertex 24.7687 2 28.5799
      vertex 24.745 2 28.555
    endloop
  endfacet
  facet normal -0.724345 0 0.689437
    outer loop
      vertex 24.7687 2 28.5799
      vertex 24.745 0 28.555
      vertex 24.7687 0 28.5799
    endloop
  endfacet
  facet normal 0.0755849 0 0.997139
    outer loop
      vertex 24.1814 2 28.3534
      vertex 24.2157 0 28.3508
      vertex 24.2157 2 28.3508
    endloop
  endfacet
  facet normal 0.0755849 0 0.997139
    outer loop
      vertex 24.2157 0 28.3508
      vertex 24.1814 2 28.3534
      vertex 24.1814 0 28.3534
    endloop
  endfacet
  facet normal 0.892676 0 -0.450699
    outer loop
      vertex 23.6327 0 29.38
      vertex 23.6172 2 29.3493
      vertex 23.6327 2 29.38
    endloop
  endfacet
  facet normal 0.892676 0 -0.450699
    outer loop
      vertex 23.6172 2 29.3493
      vertex 23.6327 0 29.38
      vertex 23.6172 0 29.3493
    endloop
  endfacet
  facet normal -0.171464 0 -0.98519
    outer loop
      vertex 24.3527 0 29.7424
      vertex 24.3866 2 29.7365
      vertex 24.3866 0 29.7365
    endloop
  endfacet
  facet normal -0.171464 0 -0.98519
    outer loop
      vertex 24.3866 2 29.7365
      vertex 24.3527 0 29.7424
      vertex 24.3527 2 29.7424
    endloop
  endfacet
  facet normal 0.492057 0 0.870563
    outer loop
      vertex 23.8901 2 28.4496
      vertex 23.92 0 28.4327
      vertex 23.92 2 28.4327
    endloop
  endfacet
  facet normal 0.492057 0 0.870563
    outer loop
      vertex 23.92 0 28.4327
      vertex 23.8901 2 28.4496
      vertex 23.8901 0 28.4496
    endloop
  endfacet
  facet normal 0.221244 0 0.975219
    outer loop
      vertex 24.0799 2 28.371
      vertex 24.1134 0 28.3634
      vertex 24.1134 2 28.3634
    endloop
  endfacet
  facet normal 0.221244 0 0.975219
    outer loop
      vertex 24.1134 0 28.3634
      vertex 24.0799 2 28.371
      vertex 24.0799 0 28.371
    endloop
  endfacet
  facet normal 0.404787 0 0.914411
    outer loop
      vertex 23.9507 2 28.4172
      vertex 23.9821 0 28.4033
      vertex 23.9821 2 28.4033
    endloop
  endfacet
  facet normal 0.404787 0 0.914411
    outer loop
      vertex 23.9821 0 28.4033
      vertex 23.9507 2 28.4172
      vertex 23.9507 0 28.4172
    endloop
  endfacet
  facet normal -0.997139 0 -0.0755849
    outer loop
      vertex 90.9492 0 29.0843
      vertex 90.9466 2 29.1186
      vertex 90.9492 2 29.0843
    endloop
  endfacet
  facet normal -0.997139 -0 -0.0755849
    outer loop
      vertex 90.9466 2 29.1186
      vertex 90.9492 0 29.0843
      vertex 90.9466 0 29.1186
    endloop
  endfacet
  facet normal -0.999728 0 -0.0233173
    outer loop
      vertex 90.95 0 29.05
      vertex 90.9492 2 29.0843
      vertex 90.95 2 29.05
    endloop
  endfacet
  facet normal -0.999728 -0 -0.0233173
    outer loop
      vertex 90.9492 2 29.0843
      vertex 90.95 0 29.05
      vertex 90.9492 0 29.0843
    endloop
  endfacet
  facet normal -0.31448 0 0.949264
    outer loop
      vertex 90.4532 2 28.3801
      vertex 90.4858 0 28.3909
      vertex 90.4858 2 28.3909
    endloop
  endfacet
  facet normal -0.31448 0 0.949264
    outer loop
      vertex 90.4858 0 28.3909
      vertex 90.4532 2 28.3801
      vertex 90.4532 0 28.3801
    endloop
  endfacet
  facet normal 0.999728 -0 0.0233173
    outer loop
      vertex 89.55 0 29.05
      vertex 89.5508 2 29.0157
      vertex 89.55 2 29.05
    endloop
  endfacet
  facet normal 0.999728 0 0.0233173
    outer loop
      vertex 89.5508 2 29.0157
      vertex 89.55 0 29.05
      vertex 89.5508 0 29.0157
    endloop
  endfacet
  facet normal -0.575998 0 0.817451
    outer loop
      vertex 90.6389 2 28.468
      vertex 90.667 0 28.4878
      vertex 90.667 2 28.4878
    endloop
  endfacet
  facet normal -0.575998 0 0.817451
    outer loop
      vertex 90.667 0 28.4878
      vertex 90.6389 2 28.468
      vertex 90.6389 0 28.468
    endloop
  endfacet
  facet normal 0.171464 0 -0.98519
    outer loop
      vertex 90.1134 0 29.7365
      vertex 90.1473 2 29.7424
      vertex 90.1473 0 29.7424
    endloop
  endfacet
  facet normal 0.171464 0 -0.98519
    outer loop
      vertex 90.1473 2 29.7424
      vertex 90.1134 0 29.7365
      vertex 90.1134 2 29.7365
    endloop
  endfacet
  facet normal -0.122243 0 -0.9925
    outer loop
      vertex 90.3186 0 29.7466
      vertex 90.3527 2 29.7424
      vertex 90.3527 0 29.7424
    endloop
  endfacet
  facet normal -0.122243 0 -0.9925
    outer loop
      vertex 90.3527 2 29.7424
      vertex 90.3186 0 29.7466
      vertex 90.3186 2 29.7466
    endloop
  endfacet
  facet normal -0.31448 0 -0.949264
    outer loop
      vertex 90.4532 0 29.7199
      vertex 90.4858 2 29.7091
      vertex 90.4858 0 29.7091
    endloop
  endfacet
  facet normal -0.31448 0 -0.949264
    outer loop
      vertex 90.4858 2 29.7091
      vertex 90.4532 0 29.7199
      vertex 90.4532 2 29.7199
    endloop
  endfacet
  facet normal 0.789039 0 -0.614344
    outer loop
      vertex 89.7089 0 29.4941
      vertex 89.6878 2 29.467
      vertex 89.7089 2 29.4941
    endloop
  endfacet
  facet normal 0.789039 0 -0.614344
    outer loop
      vertex 89.6878 2 29.467
      vertex 89.7089 0 29.4941
      vertex 89.6878 0 29.467
    endloop
  endfacet
  facet normal 0.724345 0 -0.689437
    outer loop
      vertex 89.755 0 29.545
      vertex 89.7313 2 29.5201
      vertex 89.755 2 29.545
    endloop
  endfacet
  facet normal 0.724345 0 -0.689437
    outer loop
      vertex 89.7313 2 29.5201
      vertex 89.755 0 29.545
      vertex 89.7313 0 29.5201
    endloop
  endfacet
  facet normal -0.652709 0 -0.757609
    outer loop
      vertex 90.6941 0 29.5911
      vertex 90.7201 2 29.5687
      vertex 90.7201 0 29.5687
    endloop
  endfacet
  facet normal -0.652709 0 -0.757609
    outer loop
      vertex 90.7201 2 29.5687
      vertex 90.6941 0 29.5911
      vertex 90.6941 2 29.5911
    endloop
  endfacet
  facet normal 0.870563 -0 0.492057
    outer loop
      vertex 89.6327 0 28.72
      vertex 89.6496 2 28.6901
      vertex 89.6327 2 28.72
    endloop
  endfacet
  facet normal 0.870563 0 0.492057
    outer loop
      vertex 89.6496 2 28.6901
      vertex 89.6327 0 28.72
      vertex 89.6496 0 28.6901
    endloop
  endfacet
  facet normal -0.9925 0 0.122243
    outer loop
      vertex 90.9424 0 28.9473
      vertex 90.9466 2 28.9814
      vertex 90.9424 2 28.9473
    endloop
  endfacet
  facet normal -0.9925 0 0.122243
    outer loop
      vertex 90.9466 2 28.9814
      vertex 90.9424 0 28.9473
      vertex 90.9466 0 28.9814
    endloop
  endfacet
  facet normal 0.0755849 0 0.997139
    outer loop
      vertex 90.1814 2 28.3534
      vertex 90.2157 0 28.3508
      vertex 90.2157 2 28.3508
    endloop
  endfacet
  facet normal 0.0755849 0 0.997139
    outer loop
      vertex 90.2157 0 28.3508
      vertex 90.1814 2 28.3534
      vertex 90.1814 0 28.3534
    endloop
  endfacet
  facet normal 0.997139 0 -0.0755849
    outer loop
      vertex 89.5534 0 29.1186
      vertex 89.5508 2 29.0843
      vertex 89.5534 2 29.1186
    endloop
  endfacet
  facet normal 0.997139 0 -0.0755849
    outer loop
      vertex 89.5508 2 29.0843
      vertex 89.5534 0 29.1186
      vertex 89.5508 0 29.0843
    endloop
  endfacet
  facet normal -0.404787 0 0.914411
    outer loop
      vertex 90.5179 2 28.4033
      vertex 90.5493 0 28.4172
      vertex 90.5493 2 28.4172
    endloop
  endfacet
  facet normal -0.404787 0 0.914411
    outer loop
      vertex 90.5493 0 28.4172
      vertex 90.5179 2 28.4033
      vertex 90.5179 0 28.4033
    endloop
  endfacet
  facet normal -0.9925 0 -0.122243
    outer loop
      vertex 90.9466 0 29.1186
      vertex 90.9424 2 29.1527
      vertex 90.9466 2 29.1186
    endloop
  endfacet
  facet normal -0.9925 -0 -0.122243
    outer loop
      vertex 90.9424 2 29.1527
      vertex 90.9466 0 29.1186
      vertex 90.9424 0 29.1527
    endloop
  endfacet
  facet normal 0.614344 0 0.789039
    outer loop
      vertex 89.8059 2 28.5089
      vertex 89.833 0 28.4878
      vertex 89.833 2 28.4878
    endloop
  endfacet
  facet normal 0.614344 0 0.789039
    outer loop
      vertex 89.833 0 28.4878
      vertex 89.8059 2 28.5089
      vertex 89.8059 0 28.5089
    endloop
  endfacet
  facet normal 0.949264 -0 0.31448
    outer loop
      vertex 89.5801 0 28.8468
      vertex 89.5909 2 28.8142
      vertex 89.5801 2 28.8468
    endloop
  endfacet
  facet normal 0.949264 0 0.31448
    outer loop
      vertex 89.5909 2 28.8142
      vertex 89.5801 0 28.8468
      vertex 89.5909 0 28.8142
    endloop
  endfacet
  facet normal -0.221244 0 0.975219
    outer loop
      vertex 90.3866 2 28.3634
      vertex 90.4201 0 28.371
      vertex 90.4201 2 28.371
    endloop
  endfacet
  facet normal -0.221244 0 0.975219
    outer loop
      vertex 90.4201 0 28.371
      vertex 90.3866 2 28.3634
      vertex 90.3866 0 28.3634
    endloop
  endfacet
  facet normal 0.757609 -0 0.652709
    outer loop
      vertex 89.7089 0 28.6059
      vertex 89.7313 2 28.5799
      vertex 89.7089 2 28.6059
    endloop
  endfacet
  facet normal 0.757609 0 0.652709
    outer loop
      vertex 89.7313 2 28.5799
      vertex 89.7089 0 28.6059
      vertex 89.7313 0 28.5799
    endloop
  endfacet
  facet normal 0.985678 -0 0.168641
    outer loop
      vertex 89.5576 0 28.9473
      vertex 89.5634 2 28.9134
      vertex 89.5576 2 28.9473
    endloop
  endfacet
  facet normal 0.985678 0 0.168641
    outer loop
      vertex 89.5634 2 28.9134
      vertex 89.5576 0 28.9473
      vertex 89.5634 0 28.9134
    endloop
  endfacet
  facet normal -0.949264 0 0.31448
    outer loop
      vertex 90.9091 0 28.8142
      vertex 90.9199 2 28.8468
      vertex 90.9091 2 28.8142
    endloop
  endfacet
  facet normal -0.949264 0 0.31448
    outer loop
      vertex 90.9199 2 28.8468
      vertex 90.9091 0 28.8142
      vertex 90.9199 0 28.8468
    endloop
  endfacet
  facet normal 0.450699 0 -0.892676
    outer loop
      vertex 89.92 0 29.6673
      vertex 89.9507 2 29.6828
      vertex 89.9507 0 29.6828
    endloop
  endfacet
  facet normal 0.450699 0 -0.892676
    outer loop
      vertex 89.9507 2 29.6828
      vertex 89.92 0 29.6673
      vertex 89.92 2 29.6673
    endloop
  endfacet
  facet normal 0.575998 0 -0.817451
    outer loop
      vertex 89.833 0 29.6122
      vertex 89.8611 2 29.632
      vertex 89.8611 0 29.632
    endloop
  endfacet
  facet normal 0.575998 0 -0.817451
    outer loop
      vertex 89.8611 2 29.632
      vertex 89.833 0 29.6122
      vertex 89.833 2 29.6122
    endloop
  endfacet
  facet normal -0.975843 0 0.218472
    outer loop
      vertex 90.929 0 28.8799
      vertex 90.9365 2 28.9134
      vertex 90.929 2 28.8799
    endloop
  endfacet
  facet normal -0.975843 0 0.218472
    outer loop
      vertex 90.9365 2 28.9134
      vertex 90.929 0 28.8799
      vertex 90.9365 0 28.9134
    endloop
  endfacet
  facet normal -0.98519 0 0.171464
    outer loop
      vertex 90.9365 0 28.9134
      vertex 90.9424 2 28.9473
      vertex 90.9365 2 28.9134
    endloop
  endfacet
  facet normal -0.98519 0 0.171464
    outer loop
      vertex 90.9424 2 28.9473
      vertex 90.9365 0 28.9134
      vertex 90.9424 0 28.9473
    endloop
  endfacet
  facet normal 0.265089 0 -0.964224
    outer loop
      vertex 90.0468 0 29.7199
      vertex 90.0799 2 29.729
      vertex 90.0799 0 29.729
    endloop
  endfacet
  facet normal 0.265089 0 -0.964224
    outer loop
      vertex 90.0799 2 29.729
      vertex 90.0468 0 29.7199
      vertex 90.0468 2 29.7199
    endloop
  endfacet
  facet normal -0.870563 0 -0.492057
    outer loop
      vertex 90.8673 0 29.38
      vertex 90.8504 2 29.4099
      vertex 90.8673 2 29.38
    endloop
  endfacet
  facet normal -0.870563 -0 -0.492057
    outer loop
      vertex 90.8504 2 29.4099
      vertex 90.8673 0 29.38
      vertex 90.8504 0 29.4099
    endloop
  endfacet
  facet normal 0.892676 -0 0.450699
    outer loop
      vertex 89.6172 0 28.7507
      vertex 89.6327 2 28.72
      vertex 89.6172 2 28.7507
    endloop
  endfacet
  facet normal 0.892676 0 0.450699
    outer loop
      vertex 89.6327 2 28.72
      vertex 89.6172 0 28.7507
      vertex 89.6327 0 28.72
    endloop
  endfacet
  facet normal 0.689437 0 0.724345
    outer loop
      vertex 89.755 2 28.555
      vertex 89.7799 0 28.5313
      vertex 89.7799 2 28.5313
    endloop
  endfacet
  facet normal 0.689437 0 0.724345
    outer loop
      vertex 89.7799 0 28.5313
      vertex 89.755 2 28.555
      vertex 89.755 0 28.555
    endloop
  endfacet
  facet normal -0.492057 0 -0.870563
    outer loop
      vertex 90.58 0 29.6673
      vertex 90.6099 2 29.6504
      vertex 90.6099 0 29.6504
    endloop
  endfacet
  facet normal -0.492057 0 -0.870563
    outer loop
      vertex 90.6099 2 29.6504
      vertex 90.58 0 29.6673
      vertex 90.58 2 29.6673
    endloop
  endfacet
  facet normal -0.817451 0 -0.575998
    outer loop
      vertex 90.832 0 29.4389
      vertex 90.8122 2 29.467
      vertex 90.832 2 29.4389
    endloop
  endfacet
  facet normal -0.817451 -0 -0.575998
    outer loop
      vertex 90.8122 2 29.467
      vertex 90.832 0 29.4389
      vertex 90.8122 0 29.467
    endloop
  endfacet
  facet normal -0.999728 0 0.0233173
    outer loop
      vertex 90.9492 0 29.0157
      vertex 90.95 2 29.05
      vertex 90.9492 2 29.0157
    endloop
  endfacet
  facet normal -0.999728 0 0.0233173
    outer loop
      vertex 90.95 2 29.05
      vertex 90.9492 0 29.0157
      vertex 90.95 0 29.05
    endloop
  endfacet
  facet normal -0.964224 0 0.265089
    outer loop
      vertex 90.9199 0 28.8468
      vertex 90.929 2 28.8799
      vertex 90.9199 2 28.8468
    endloop
  endfacet
  facet normal -0.964224 0 0.265089
    outer loop
      vertex 90.929 2 28.8799
      vertex 90.9199 0 28.8468
      vertex 90.929 0 28.8799
    endloop
  endfacet
  facet normal -0.757609 0 0.652709
    outer loop
      vertex 90.7687 0 28.5799
      vertex 90.7911 2 28.6059
      vertex 90.7687 2 28.5799
    endloop
  endfacet
  facet normal -0.757609 0 0.652709
    outer loop
      vertex 90.7911 2 28.6059
      vertex 90.7687 0 28.5799
      vertex 90.7911 0 28.6059
    endloop
  endfacet
  facet normal 0.817451 -0 0.575998
    outer loop
      vertex 89.668 0 28.6611
      vertex 89.6878 2 28.633
      vertex 89.668 2 28.6611
    endloop
  endfacet
  facet normal 0.817451 0 0.575998
    outer loop
      vertex 89.6878 2 28.633
      vertex 89.668 0 28.6611
      vertex 89.6878 0 28.633
    endloop
  endfacet
  facet normal 0.724345 -0 0.689437
    outer loop
      vertex 89.7313 0 28.5799
      vertex 89.755 2 28.555
      vertex 89.7313 2 28.5799
    endloop
  endfacet
  facet normal 0.724345 0 0.689437
    outer loop
      vertex 89.755 2 28.555
      vertex 89.7313 0 28.5799
      vertex 89.755 0 28.555
    endloop
  endfacet
  facet normal -0.360342 0 -0.93282
    outer loop
      vertex 90.4858 0 29.7091
      vertex 90.5179 2 29.6967
      vertex 90.5179 0 29.6967
    endloop
  endfacet
  facet normal -0.360342 0 -0.93282
    outer loop
      vertex 90.5179 2 29.6967
      vertex 90.4858 0 29.7091
      vertex 90.4858 2 29.7091
    endloop
  endfacet
  facet normal 0.360342 0 -0.93282
    outer loop
      vertex 89.9821 0 29.6967
      vertex 90.0142 2 29.7091
      vertex 90.0142 0 29.7091
    endloop
  endfacet
  facet normal 0.360342 0 -0.93282
    outer loop
      vertex 90.0142 2 29.7091
      vertex 89.9821 0 29.6967
      vertex 89.9821 2 29.6967
    endloop
  endfacet
  facet normal 0.221244 0 0.975219
    outer loop
      vertex 90.0799 2 28.371
      vertex 90.1134 0 28.3634
      vertex 90.1134 2 28.3634
    endloop
  endfacet
  facet normal 0.221244 0 0.975219
    outer loop
      vertex 90.1134 0 28.3634
      vertex 90.0799 2 28.371
      vertex 90.0799 0 28.371
    endloop
  endfacet
  facet normal -0.975843 0 -0.218472
    outer loop
      vertex 90.9365 0 29.1866
      vertex 90.929 2 29.2201
      vertex 90.9365 2 29.1866
    endloop
  endfacet
  facet normal -0.975843 -0 -0.218472
    outer loop
      vertex 90.929 2 29.2201
      vertex 90.9365 0 29.1866
      vertex 90.929 0 29.2201
    endloop
  endfacet
  facet normal 0.614344 0 -0.789039
    outer loop
      vertex 89.8059 0 29.5911
      vertex 89.833 2 29.6122
      vertex 89.833 0 29.6122
    endloop
  endfacet
  facet normal 0.614344 0 -0.789039
    outer loop
      vertex 89.833 2 29.6122
      vertex 89.8059 0 29.5911
      vertex 89.8059 2 29.5911
    endloop
  endfacet
  facet normal -0.93282 0 -0.360342
    outer loop
      vertex 90.9091 0 29.2858
      vertex 90.8967 2 29.3179
      vertex 90.9091 2 29.2858
    endloop
  endfacet
  facet normal -0.93282 -0 -0.360342
    outer loop
      vertex 90.8967 2 29.3179
      vertex 90.9091 0 29.2858
      vertex 90.8967 0 29.3179
    endloop
  endfacet
  facet normal -0.689437 0 -0.724345
    outer loop
      vertex 90.7201 0 29.5687
      vertex 90.745 2 29.545
      vertex 90.745 0 29.545
    endloop
  endfacet
  facet normal -0.689437 0 -0.724345
    outer loop
      vertex 90.745 2 29.545
      vertex 90.7201 0 29.5687
      vertex 90.7201 2 29.5687
    endloop
  endfacet
  facet normal -0.892676 0 0.450699
    outer loop
      vertex 90.8673 0 28.72
      vertex 90.8828 2 28.7507
      vertex 90.8673 2 28.72
    endloop
  endfacet
  facet normal -0.892676 0 0.450699
    outer loop
      vertex 90.8828 2 28.7507
      vertex 90.8673 0 28.72
      vertex 90.8828 0 28.7507
    endloop
  endfacet
  facet normal 0.84438 -0 0.535745
    outer loop
      vertex 89.6496 0 28.6901
      vertex 89.668 2 28.6611
      vertex 89.6496 2 28.6901
    endloop
  endfacet
  facet normal 0.84438 0 0.535745
    outer loop
      vertex 89.668 2 28.6611
      vertex 89.6496 0 28.6901
      vertex 89.668 0 28.6611
    endloop
  endfacet
  facet normal -0.265089 0 0.964224
    outer loop
      vertex 90.4201 2 28.371
      vertex 90.4532 0 28.3801
      vertex 90.4532 2 28.3801
    endloop
  endfacet
  facet normal -0.265089 0 0.964224
    outer loop
      vertex 90.4532 0 28.3801
      vertex 90.4201 2 28.371
      vertex 90.4201 0 28.371
    endloop
  endfacet
  facet normal -0.614344 0 -0.789039
    outer loop
      vertex 90.667 0 29.6122
      vertex 90.6941 2 29.5911
      vertex 90.6941 0 29.5911
    endloop
  endfacet
  facet normal -0.614344 0 -0.789039
    outer loop
      vertex 90.6941 2 29.5911
      vertex 90.667 0 29.6122
      vertex 90.667 2 29.6122
    endloop
  endfacet
  facet normal -0.892676 0 -0.450699
    outer loop
      vertex 90.8828 0 29.3493
      vertex 90.8673 2 29.38
      vertex 90.8828 2 29.3493
    endloop
  endfacet
  facet normal -0.892676 -0 -0.450699
    outer loop
      vertex 90.8673 2 29.38
      vertex 90.8828 0 29.3493
      vertex 90.8673 0 29.38
    endloop
  endfacet
  facet normal -0.98519 0 -0.171464
    outer loop
      vertex 90.9424 0 29.1527
      vertex 90.9365 2 29.1866
      vertex 90.9424 2 29.1527
    endloop
  endfacet
  facet normal -0.98519 -0 -0.171464
    outer loop
      vertex 90.9365 2 29.1866
      vertex 90.9424 0 29.1527
      vertex 90.9365 0 29.1866
    endloop
  endfacet
  facet normal 0.535745 0 -0.84438
    outer loop
      vertex 89.8611 0 29.632
      vertex 89.8901 2 29.6504
      vertex 89.8901 0 29.6504
    endloop
  endfacet
  facet normal 0.535745 0 -0.84438
    outer loop
      vertex 89.8901 2 29.6504
      vertex 89.8611 0 29.632
      vertex 89.8611 2 29.632
    endloop
  endfacet
  facet normal -0.964224 0 -0.265089
    outer loop
      vertex 90.929 0 29.2201
      vertex 90.9199 2 29.2532
      vertex 90.929 2 29.2201
    endloop
  endfacet
  facet normal -0.964224 -0 -0.265089
    outer loop
      vertex 90.9199 2 29.2532
      vertex 90.929 0 29.2201
      vertex 90.9199 0 29.2532
    endloop
  endfacet
  facet normal -0.949264 0 -0.31448
    outer loop
      vertex 90.9199 0 29.2532
      vertex 90.9091 2 29.2858
      vertex 90.9199 2 29.2532
    endloop
  endfacet
  facet normal -0.949264 -0 -0.31448
    outer loop
      vertex 90.9091 2 29.2858
      vertex 90.9199 0 29.2532
      vertex 90.9091 0 29.2858
    endloop
  endfacet
  facet normal 0.975219 -0 0.221244
    outer loop
      vertex 89.5634 0 28.9134
      vertex 89.571 2 28.8799
      vertex 89.5634 2 28.9134
    endloop
  endfacet
  facet normal 0.975219 0 0.221244
    outer loop
      vertex 89.571 2 28.8799
      vertex 89.5634 0 28.9134
      vertex 89.571 0 28.8799
    endloop
  endfacet
  facet normal 0.652709 0 0.757609
    outer loop
      vertex 89.7799 2 28.5313
      vertex 89.8059 0 28.5089
      vertex 89.8059 2 28.5089
    endloop
  endfacet
  facet normal 0.652709 0 0.757609
    outer loop
      vertex 89.8059 0 28.5089
      vertex 89.7799 2 28.5313
      vertex 89.7799 0 28.5313
    endloop
  endfacet
  facet normal 0.9925 -0 0.122243
    outer loop
      vertex 89.5534 0 28.9814
      vertex 89.5576 2 28.9473
      vertex 89.5534 2 28.9814
    endloop
  endfacet
  facet normal 0.9925 0 0.122243
    outer loop
      vertex 89.5576 2 28.9473
      vertex 89.5534 0 28.9814
      vertex 89.5576 0 28.9473
    endloop
  endfacet
  facet normal -0.450699 0 -0.892676
    outer loop
      vertex 90.5493 0 29.6828
      vertex 90.58 2 29.6673
      vertex 90.58 0 29.6673
    endloop
  endfacet
  facet normal -0.450699 0 -0.892676
    outer loop
      vertex 90.58 2 29.6673
      vertex 90.5493 0 29.6828
      vertex 90.5493 2 29.6828
    endloop
  endfacet
  facet normal 0.31448 0 0.949264
    outer loop
      vertex 90.0142 2 28.3909
      vertex 90.0468 0 28.3801
      vertex 90.0468 2 28.3801
    endloop
  endfacet
  facet normal 0.31448 0 0.949264
    outer loop
      vertex 90.0468 0 28.3801
      vertex 90.0142 2 28.3909
      vertex 90.0142 0 28.3909
    endloop
  endfacet
  facet normal 0.652709 0 -0.757609
    outer loop
      vertex 89.7799 0 29.5687
      vertex 89.8059 2 29.5911
      vertex 89.8059 0 29.5911
    endloop
  endfacet
  facet normal 0.652709 0 -0.757609
    outer loop
      vertex 89.8059 2 29.5911
      vertex 89.7799 0 29.5687
      vertex 89.7799 2 29.5687
    endloop
  endfacet
  facet normal -0.817451 0 0.575998
    outer loop
      vertex 90.8122 0 28.633
      vertex 90.832 2 28.6611
      vertex 90.8122 2 28.633
    endloop
  endfacet
  facet normal -0.817451 0 0.575998
    outer loop
      vertex 90.832 2 28.6611
      vertex 90.8122 0 28.633
      vertex 90.832 0 28.6611
    endloop
  endfacet
  facet normal 0.789039 -0 0.614344
    outer loop
      vertex 89.6878 0 28.633
      vertex 89.7089 2 28.6059
      vertex 89.6878 2 28.633
    endloop
  endfacet
  facet normal 0.789039 0 0.614344
    outer loop
      vertex 89.7089 2 28.6059
      vertex 89.6878 0 28.633
      vertex 89.7089 0 28.6059
    endloop
  endfacet
  facet normal -0.84438 0 -0.535745
    outer loop
      vertex 90.8504 0 29.4099
      vertex 90.832 2 29.4389
      vertex 90.8504 2 29.4099
    endloop
  endfacet
  facet normal -0.84438 -0 -0.535745
    outer loop
      vertex 90.832 2 29.4389
      vertex 90.8504 0 29.4099
      vertex 90.832 0 29.4389
    endloop
  endfacet
  facet normal 0.914411 -0 0.404787
    outer loop
      vertex 89.6033 0 28.7821
      vertex 89.6172 2 28.7507
      vertex 89.6033 2 28.7821
    endloop
  endfacet
  facet normal 0.914411 0 0.404787
    outer loop
      vertex 89.6172 2 28.7507
      vertex 89.6033 0 28.7821
      vertex 89.6172 0 28.7507
    endloop
  endfacet
  facet normal 0.218472 0 -0.975843
    outer loop
      vertex 90.0799 0 29.729
      vertex 90.1134 2 29.7365
      vertex 90.1134 0 29.7365
    endloop
  endfacet
  facet normal 0.218472 0 -0.975843
    outer loop
      vertex 90.1134 2 29.7365
      vertex 90.0799 0 29.729
      vertex 90.0799 2 29.729
    endloop
  endfacet
  facet normal -0.360342 0 0.93282
    outer loop
      vertex 90.4858 2 28.3909
      vertex 90.5179 0 28.4033
      vertex 90.5179 2 28.4033
    endloop
  endfacet
  facet normal -0.360342 0 0.93282
    outer loop
      vertex 90.5179 0 28.4033
      vertex 90.4858 2 28.3909
      vertex 90.4858 0 28.3909
    endloop
  endfacet
  facet normal -0.997139 0 0.0755849
    outer loop
      vertex 90.9466 0 28.9814
      vertex 90.9492 2 29.0157
      vertex 90.9466 2 28.9814
    endloop
  endfacet
  facet normal -0.997139 0 0.0755849
    outer loop
      vertex 90.9492 2 29.0157
      vertex 90.9466 0 28.9814
      vertex 90.9492 0 29.0157
    endloop
  endfacet
  facet normal -0.724345 0 -0.689437
    outer loop
      vertex 90.7687 0 29.5201
      vertex 90.745 2 29.545
      vertex 90.7687 2 29.5201
    endloop
  endfacet
  facet normal -0.724345 -0 -0.689437
    outer loop
      vertex 90.745 2 29.545
      vertex 90.7687 0 29.5201
      vertex 90.745 0 29.545
    endloop
  endfacet
  facet normal -0.404787 0 -0.914411
    outer loop
      vertex 90.5179 0 29.6967
      vertex 90.5493 2 29.6828
      vertex 90.5493 0 29.6828
    endloop
  endfacet
  facet normal -0.404787 0 -0.914411
    outer loop
      vertex 90.5493 2 29.6828
      vertex 90.5179 0 29.6967
      vertex 90.5179 2 29.6967
    endloop
  endfacet
  facet normal 0.0233173 0 0.999728
    outer loop
      vertex 90.2157 2 28.3508
      vertex 90.25 0 28.35
      vertex 90.25 2 28.35
    endloop
  endfacet
  facet normal 0.0233173 0 0.999728
    outer loop
      vertex 90.25 0 28.35
      vertex 90.2157 2 28.3508
      vertex 90.2157 0 28.3508
    endloop
  endfacet
  facet normal -0.575998 0 -0.817451
    outer loop
      vertex 90.6389 0 29.632
      vertex 90.667 2 29.6122
      vertex 90.667 0 29.6122
    endloop
  endfacet
  facet normal -0.575998 0 -0.817451
    outer loop
      vertex 90.667 2 29.6122
      vertex 90.6389 0 29.632
      vertex 90.6389 2 29.632
    endloop
  endfacet
  facet normal -0.84438 0 0.535745
    outer loop
      vertex 90.832 0 28.6611
      vertex 90.8504 2 28.6901
      vertex 90.832 2 28.6611
    endloop
  endfacet
  facet normal -0.84438 0 0.535745
    outer loop
      vertex 90.8504 2 28.6901
      vertex 90.832 0 28.6611
      vertex 90.8504 0 28.6901
    endloop
  endfacet
  facet normal -0.0233173 0 -0.999728
    outer loop
      vertex 90.25 0 29.75
      vertex 90.2843 2 29.7492
      vertex 90.2843 0 29.7492
    endloop
  endfacet
  facet normal -0.0233173 0 -0.999728
    outer loop
      vertex 90.2843 2 29.7492
      vertex 90.25 0 29.75
      vertex 90.25 2 29.75
    endloop
  endfacet
  facet normal 0.689437 0 -0.724345
    outer loop
      vertex 89.755 0 29.545
      vertex 89.7799 2 29.5687
      vertex 89.7799 0 29.5687
    endloop
  endfacet
  facet normal 0.689437 0 -0.724345
    outer loop
      vertex 89.7799 2 29.5687
      vertex 89.755 0 29.545
      vertex 89.755 2 29.545
    endloop
  endfacet
  facet normal 0.575998 0 0.817451
    outer loop
      vertex 89.833 2 28.4878
      vertex 89.8611 0 28.468
      vertex 89.8611 2 28.468
    endloop
  endfacet
  facet normal 0.575998 0 0.817451
    outer loop
      vertex 89.8611 0 28.468
      vertex 89.833 2 28.4878
      vertex 89.833 0 28.4878
    endloop
  endfacet
  facet normal -0.535745 0 -0.84438
    outer loop
      vertex 90.6099 0 29.6504
      vertex 90.6389 2 29.632
      vertex 90.6389 0 29.632
    endloop
  endfacet
  facet normal -0.535745 0 -0.84438
    outer loop
      vertex 90.6389 2 29.632
      vertex 90.6099 0 29.6504
      vertex 90.6099 2 29.6504
    endloop
  endfacet
  facet normal 0.122243 0 -0.9925
    outer loop
      vertex 90.1473 0 29.7424
      vertex 90.1814 2 29.7466
      vertex 90.1814 0 29.7466
    endloop
  endfacet
  facet normal 0.122243 0 -0.9925
    outer loop
      vertex 90.1814 2 29.7466
      vertex 90.1473 0 29.7424
      vertex 90.1473 2 29.7424
    endloop
  endfacet
  facet normal 0.975219 0 -0.221244
    outer loop
      vertex 89.571 0 29.2201
      vertex 89.5634 2 29.1866
      vertex 89.571 2 29.2201
    endloop
  endfacet
  facet normal 0.975219 0 -0.221244
    outer loop
      vertex 89.5634 2 29.1866
      vertex 89.571 0 29.2201
      vertex 89.5634 0 29.1866
    endloop
  endfacet
  facet normal 0.450699 0 0.892676
    outer loop
      vertex 89.92 2 28.4327
      vertex 89.9507 0 28.4172
      vertex 89.9507 2 28.4172
    endloop
  endfacet
  facet normal 0.450699 0 0.892676
    outer loop
      vertex 89.9507 0 28.4172
      vertex 89.92 2 28.4327
      vertex 89.92 0 28.4327
    endloop
  endfacet
  facet normal -0.914411 0 -0.404787
    outer loop
      vertex 90.8967 0 29.3179
      vertex 90.8828 2 29.3493
      vertex 90.8967 2 29.3179
    endloop
  endfacet
  facet normal -0.914411 -0 -0.404787
    outer loop
      vertex 90.8828 2 29.3493
      vertex 90.8967 0 29.3179
      vertex 90.8828 0 29.3493
    endloop
  endfacet
  facet normal -0.0233173 0 0.999728
    outer loop
      vertex 90.25 2 28.35
      vertex 90.2843 0 28.3508
      vertex 90.2843 2 28.3508
    endloop
  endfacet
  facet normal -0.0233173 0 0.999728
    outer loop
      vertex 90.2843 0 28.3508
      vertex 90.25 2 28.35
      vertex 90.25 0 28.35
    endloop
  endfacet
  facet normal 0.535745 0 0.84438
    outer loop
      vertex 89.8611 2 28.468
      vertex 89.8901 0 28.4496
      vertex 89.8901 2 28.4496
    endloop
  endfacet
  facet normal 0.535745 0 0.84438
    outer loop
      vertex 89.8901 0 28.4496
      vertex 89.8611 2 28.468
      vertex 89.8611 0 28.468
    endloop
  endfacet
  facet normal 0.404787 0 -0.914411
    outer loop
      vertex 89.9507 0 29.6828
      vertex 89.9821 2 29.6967
      vertex 89.9821 0 29.6967
    endloop
  endfacet
  facet normal 0.404787 0 -0.914411
    outer loop
      vertex 89.9821 2 29.6967
      vertex 89.9507 0 29.6828
      vertex 89.9507 2 29.6828
    endloop
  endfacet
  facet normal 0.0233173 0 -0.999728
    outer loop
      vertex 90.2157 0 29.7492
      vertex 90.25 2 29.75
      vertex 90.25 0 29.75
    endloop
  endfacet
  facet normal 0.0233173 0 -0.999728
    outer loop
      vertex 90.25 2 29.75
      vertex 90.2157 0 29.7492
      vertex 90.2157 2 29.7492
    endloop
  endfacet
  facet normal 0.949264 0 -0.31448
    outer loop
      vertex 89.5909 0 29.2858
      vertex 89.5801 2 29.2532
      vertex 89.5909 2 29.2858
    endloop
  endfacet
  facet normal 0.949264 0 -0.31448
    outer loop
      vertex 89.5801 2 29.2532
      vertex 89.5909 0 29.2858
      vertex 89.5801 0 29.2532
    endloop
  endfacet
  facet normal -0.614344 0 0.789039
    outer loop
      vertex 90.667 2 28.4878
      vertex 90.6941 0 28.5089
      vertex 90.6941 2 28.5089
    endloop
  endfacet
  facet normal -0.614344 0 0.789039
    outer loop
      vertex 90.6941 0 28.5089
      vertex 90.667 2 28.4878
      vertex 90.667 0 28.4878
    endloop
  endfacet
  facet normal -0.724345 0 0.689437
    outer loop
      vertex 90.745 0 28.555
      vertex 90.7687 2 28.5799
      vertex 90.745 2 28.555
    endloop
  endfacet
  facet normal -0.724345 0 0.689437
    outer loop
      vertex 90.7687 2 28.5799
      vertex 90.745 0 28.555
      vertex 90.7687 0 28.5799
    endloop
  endfacet
  facet normal 0.0755849 0 -0.997139
    outer loop
      vertex 90.1814 0 29.7466
      vertex 90.2157 2 29.7492
      vertex 90.2157 0 29.7492
    endloop
  endfacet
  facet normal 0.0755849 0 -0.997139
    outer loop
      vertex 90.2157 2 29.7492
      vertex 90.1814 0 29.7466
      vertex 90.1814 2 29.7466
    endloop
  endfacet
  facet normal 0.84438 0 -0.535745
    outer loop
      vertex 89.668 0 29.4389
      vertex 89.6496 2 29.4099
      vertex 89.668 2 29.4389
    endloop
  endfacet
  facet normal 0.84438 0 -0.535745
    outer loop
      vertex 89.6496 2 29.4099
      vertex 89.668 0 29.4389
      vertex 89.6496 0 29.4099
    endloop
  endfacet
  facet normal 0.492057 0 0.870563
    outer loop
      vertex 89.8901 2 28.4496
      vertex 89.92 0 28.4327
      vertex 89.92 2 28.4327
    endloop
  endfacet
  facet normal 0.492057 0 0.870563
    outer loop
      vertex 89.92 0 28.4327
      vertex 89.8901 2 28.4496
      vertex 89.8901 0 28.4496
    endloop
  endfacet
  facet normal 0.817451 0 -0.575998
    outer loop
      vertex 89.6878 0 29.467
      vertex 89.668 2 29.4389
      vertex 89.6878 2 29.467
    endloop
  endfacet
  facet normal 0.817451 0 -0.575998
    outer loop
      vertex 89.668 2 29.4389
      vertex 89.6878 0 29.467
      vertex 89.668 0 29.4389
    endloop
  endfacet
  facet normal -0.870563 0 0.492057
    outer loop
      vertex 90.8504 0 28.6901
      vertex 90.8673 2 28.72
      vertex 90.8504 2 28.6901
    endloop
  endfacet
  facet normal -0.870563 0 0.492057
    outer loop
      vertex 90.8673 2 28.72
      vertex 90.8504 0 28.6901
      vertex 90.8673 0 28.72
    endloop
  endfacet
  facet normal -0.789039 0 0.614344
    outer loop
      vertex 90.7911 0 28.6059
      vertex 90.8122 2 28.633
      vertex 90.7911 2 28.6059
    endloop
  endfacet
  facet normal -0.789039 0 0.614344
    outer loop
      vertex 90.8122 2 28.633
      vertex 90.7911 0 28.6059
      vertex 90.8122 0 28.633
    endloop
  endfacet
  facet normal -0.535745 0 0.84438
    outer loop
      vertex 90.6099 2 28.4496
      vertex 90.6389 0 28.468
      vertex 90.6389 2 28.468
    endloop
  endfacet
  facet normal -0.535745 0 0.84438
    outer loop
      vertex 90.6389 0 28.468
      vertex 90.6099 2 28.4496
      vertex 90.6099 0 28.4496
    endloop
  endfacet
  facet normal 0.999728 0 -0.0233173
    outer loop
      vertex 89.5508 0 29.0843
      vertex 89.55 2 29.05
      vertex 89.5508 2 29.0843
    endloop
  endfacet
  facet normal 0.999728 0 -0.0233173
    outer loop
      vertex 89.55 2 29.05
      vertex 89.5508 0 29.0843
      vertex 89.55 0 29.05
    endloop
  endfacet
  facet normal 0.757609 0 -0.652709
    outer loop
      vertex 89.7313 0 29.5201
      vertex 89.7089 2 29.4941
      vertex 89.7313 2 29.5201
    endloop
  endfacet
  facet normal 0.757609 0 -0.652709
    outer loop
      vertex 89.7089 2 29.4941
      vertex 89.7313 0 29.5201
      vertex 89.7089 0 29.4941
    endloop
  endfacet
  facet normal -0.0755849 0 0.997139
    outer loop
      vertex 90.2843 2 28.3508
      vertex 90.3186 0 28.3534
      vertex 90.3186 2 28.3534
    endloop
  endfacet
  facet normal -0.0755849 0 0.997139
    outer loop
      vertex 90.3186 0 28.3534
      vertex 90.2843 2 28.3508
      vertex 90.2843 0 28.3508
    endloop
  endfacet
  facet normal -0.914411 0 0.404787
    outer loop
      vertex 90.8828 0 28.7507
      vertex 90.8967 2 28.7821
      vertex 90.8828 2 28.7507
    endloop
  endfacet
  facet normal -0.914411 0 0.404787
    outer loop
      vertex 90.8967 2 28.7821
      vertex 90.8828 0 28.7507
      vertex 90.8967 0 28.7821
    endloop
  endfacet
  facet normal -0.492057 0 0.870563
    outer loop
      vertex 90.58 2 28.4327
      vertex 90.6099 0 28.4496
      vertex 90.6099 2 28.4496
    endloop
  endfacet
  facet normal -0.492057 0 0.870563
    outer loop
      vertex 90.6099 0 28.4496
      vertex 90.58 2 28.4327
      vertex 90.58 0 28.4327
    endloop
  endfacet
  facet normal 0.492057 0 -0.870563
    outer loop
      vertex 89.8901 0 29.6504
      vertex 89.92 2 29.6673
      vertex 89.92 0 29.6673
    endloop
  endfacet
  facet normal 0.492057 0 -0.870563
    outer loop
      vertex 89.92 2 29.6673
      vertex 89.8901 0 29.6504
      vertex 89.8901 2 29.6504
    endloop
  endfacet
  facet normal -0.122243 0 0.9925
    outer loop
      vertex 90.3186 2 28.3534
      vertex 90.3527 0 28.3576
      vertex 90.3527 2 28.3576
    endloop
  endfacet
  facet normal -0.122243 0 0.9925
    outer loop
      vertex 90.3527 0 28.3576
      vertex 90.3186 2 28.3534
      vertex 90.3186 0 28.3534
    endloop
  endfacet
  facet normal 0.997139 -0 0.0755849
    outer loop
      vertex 89.5508 0 29.0157
      vertex 89.5534 2 28.9814
      vertex 89.5508 2 29.0157
    endloop
  endfacet
  facet normal 0.997139 0 0.0755849
    outer loop
      vertex 89.5534 2 28.9814
      vertex 89.5508 0 29.0157
      vertex 89.5534 0 28.9814
    endloop
  endfacet
  facet normal -0.265089 0 -0.964224
    outer loop
      vertex 90.4201 0 29.729
      vertex 90.4532 2 29.7199
      vertex 90.4532 0 29.7199
    endloop
  endfacet
  facet normal -0.265089 0 -0.964224
    outer loop
      vertex 90.4532 2 29.7199
      vertex 90.4201 0 29.729
      vertex 90.4201 2 29.729
    endloop
  endfacet
  facet normal 0.168641 0 0.985678
    outer loop
      vertex 90.1134 2 28.3634
      vertex 90.1473 0 28.3576
      vertex 90.1473 2 28.3576
    endloop
  endfacet
  facet normal 0.168641 0 0.985678
    outer loop
      vertex 90.1473 0 28.3576
      vertex 90.1134 2 28.3634
      vertex 90.1134 0 28.3634
    endloop
  endfacet
  facet normal 0.892676 0 -0.450699
    outer loop
      vertex 89.6327 0 29.38
      vertex 89.6172 2 29.3493
      vertex 89.6327 2 29.38
    endloop
  endfacet
  facet normal 0.892676 0 -0.450699
    outer loop
      vertex 89.6172 2 29.3493
      vertex 89.6327 0 29.38
      vertex 89.6172 0 29.3493
    endloop
  endfacet
  facet normal -0.450699 0 0.892676
    outer loop
      vertex 90.5493 2 28.4172
      vertex 90.58 0 28.4327
      vertex 90.58 2 28.4327
    endloop
  endfacet
  facet normal -0.450699 0 0.892676
    outer loop
      vertex 90.58 0 28.4327
      vertex 90.5493 2 28.4172
      vertex 90.5493 0 28.4172
    endloop
  endfacet
  facet normal 0.265089 0 0.964224
    outer loop
      vertex 90.0468 2 28.3801
      vertex 90.0799 0 28.371
      vertex 90.0799 2 28.371
    endloop
  endfacet
  facet normal 0.265089 0 0.964224
    outer loop
      vertex 90.0799 0 28.371
      vertex 90.0468 2 28.3801
      vertex 90.0468 0 28.3801
    endloop
  endfacet
  facet normal -0.0755849 0 -0.997139
    outer loop
      vertex 90.2843 0 29.7492
      vertex 90.3186 2 29.7466
      vertex 90.3186 0 29.7466
    endloop
  endfacet
  facet normal -0.0755849 0 -0.997139
    outer loop
      vertex 90.3186 2 29.7466
      vertex 90.2843 0 29.7492
      vertex 90.2843 2 29.7492
    endloop
  endfacet
  facet normal 0.93282 -0 0.360342
    outer loop
      vertex 89.5909 0 28.8142
      vertex 89.6033 2 28.7821
      vertex 89.5909 2 28.8142
    endloop
  endfacet
  facet normal 0.93282 0 0.360342
    outer loop
      vertex 89.6033 2 28.7821
      vertex 89.5909 0 28.8142
      vertex 89.6033 0 28.7821
    endloop
  endfacet
  facet normal 0.985678 0 -0.168641
    outer loop
      vertex 89.5634 0 29.1866
      vertex 89.5576 2 29.1527
      vertex 89.5634 2 29.1866
    endloop
  endfacet
  facet normal 0.985678 0 -0.168641
    outer loop
      vertex 89.5576 2 29.1527
      vertex 89.5634 0 29.1866
      vertex 89.5576 0 29.1527
    endloop
  endfacet
  facet normal 0.964224 -0 0.265089
    outer loop
      vertex 89.571 0 28.8799
      vertex 89.5801 2 28.8468
      vertex 89.571 2 28.8799
    endloop
  endfacet
  facet normal 0.964224 0 0.265089
    outer loop
      vertex 89.5801 2 28.8468
      vertex 89.571 0 28.8799
      vertex 89.5801 0 28.8468
    endloop
  endfacet
  facet normal -0.652709 0 0.757609
    outer loop
      vertex 90.6941 2 28.5089
      vertex 90.7201 0 28.5313
      vertex 90.7201 2 28.5313
    endloop
  endfacet
  facet normal -0.652709 0 0.757609
    outer loop
      vertex 90.7201 0 28.5313
      vertex 90.6941 2 28.5089
      vertex 90.6941 0 28.5089
    endloop
  endfacet
  facet normal -0.218472 0 -0.975843
    outer loop
      vertex 90.3866 0 29.7365
      vertex 90.4201 2 29.729
      vertex 90.4201 0 29.729
    endloop
  endfacet
  facet normal -0.218472 0 -0.975843
    outer loop
      vertex 90.4201 2 29.729
      vertex 90.3866 0 29.7365
      vertex 90.3866 2 29.7365
    endloop
  endfacet
  facet normal 0.93282 0 -0.360342
    outer loop
      vertex 89.6033 0 29.3179
      vertex 89.5909 2 29.2858
      vertex 89.6033 2 29.3179
    endloop
  endfacet
  facet normal 0.93282 0 -0.360342
    outer loop
      vertex 89.5909 2 29.2858
      vertex 89.6033 0 29.3179
      vertex 89.5909 0 29.2858
    endloop
  endfacet
  facet normal 0.9925 0 -0.122243
    outer loop
      vertex 89.5576 0 29.1527
      vertex 89.5534 2 29.1186
      vertex 89.5576 2 29.1527
    endloop
  endfacet
  facet normal 0.9925 0 -0.122243
    outer loop
      vertex 89.5534 2 29.1186
      vertex 89.5576 0 29.1527
      vertex 89.5534 0 29.1186
    endloop
  endfacet
  facet normal 0.964224 0 -0.265089
    outer loop
      vertex 89.5801 0 29.2532
      vertex 89.571 2 29.2201
      vertex 89.5801 2 29.2532
    endloop
  endfacet
  facet normal 0.964224 0 -0.265089
    outer loop
      vertex 89.571 2 29.2201
      vertex 89.5801 0 29.2532
      vertex 89.571 0 29.2201
    endloop
  endfacet
  facet normal 0.31448 0 -0.949264
    outer loop
      vertex 90.0142 0 29.7091
      vertex 90.0468 2 29.7199
      vertex 90.0468 0 29.7199
    endloop
  endfacet
  facet normal 0.31448 0 -0.949264
    outer loop
      vertex 90.0468 2 29.7199
      vertex 90.0142 0 29.7091
      vertex 90.0142 2 29.7091
    endloop
  endfacet
  facet normal 0.122243 0 0.9925
    outer loop
      vertex 90.1473 2 28.3576
      vertex 90.1814 0 28.3534
      vertex 90.1814 2 28.3534
    endloop
  endfacet
  facet normal 0.122243 0 0.9925
    outer loop
      vertex 90.1814 0 28.3534
      vertex 90.1473 2 28.3576
      vertex 90.1473 0 28.3576
    endloop
  endfacet
  facet normal -0.93282 0 0.360342
    outer loop
      vertex 90.8967 0 28.7821
      vertex 90.9091 2 28.8142
      vertex 90.8967 2 28.7821
    endloop
  endfacet
  facet normal -0.93282 0 0.360342
    outer loop
      vertex 90.9091 2 28.8142
      vertex 90.8967 0 28.7821
      vertex 90.9091 0 28.8142
    endloop
  endfacet
  facet normal -0.757609 0 -0.652709
    outer loop
      vertex 90.7911 0 29.4941
      vertex 90.7687 2 29.5201
      vertex 90.7911 2 29.4941
    endloop
  endfacet
  facet normal -0.757609 -0 -0.652709
    outer loop
      vertex 90.7687 2 29.5201
      vertex 90.7911 0 29.4941
      vertex 90.7687 0 29.5201
    endloop
  endfacet
  facet normal -0.789039 0 -0.614344
    outer loop
      vertex 90.8122 0 29.467
      vertex 90.7911 2 29.4941
      vertex 90.8122 2 29.467
    endloop
  endfacet
  facet normal -0.789039 -0 -0.614344
    outer loop
      vertex 90.7911 2 29.4941
      vertex 90.8122 0 29.467
      vertex 90.7911 0 29.4941
    endloop
  endfacet
  facet normal -0.168641 0 0.985678
    outer loop
      vertex 90.3527 2 28.3576
      vertex 90.3866 0 28.3634
      vertex 90.3866 2 28.3634
    endloop
  endfacet
  facet normal -0.168641 0 0.985678
    outer loop
      vertex 90.3866 0 28.3634
      vertex 90.3527 2 28.3576
      vertex 90.3527 0 28.3576
    endloop
  endfacet
  facet normal -0.689437 0 0.724345
    outer loop
      vertex 90.7201 2 28.5313
      vertex 90.745 0 28.555
      vertex 90.745 2 28.555
    endloop
  endfacet
  facet normal -0.689437 0 0.724345
    outer loop
      vertex 90.745 0 28.555
      vertex 90.7201 2 28.5313
      vertex 90.7201 0 28.5313
    endloop
  endfacet
  facet normal 0.914411 0 -0.404787
    outer loop
      vertex 89.6172 0 29.3493
      vertex 89.6033 2 29.3179
      vertex 89.6172 2 29.3493
    endloop
  endfacet
  facet normal 0.914411 0 -0.404787
    outer loop
      vertex 89.6033 2 29.3179
      vertex 89.6172 0 29.3493
      vertex 89.6033 0 29.3179
    endloop
  endfacet
  facet normal 0.404787 0 0.914411
    outer loop
      vertex 89.9507 2 28.4172
      vertex 89.9821 0 28.4033
      vertex 89.9821 2 28.4033
    endloop
  endfacet
  facet normal 0.404787 0 0.914411
    outer loop
      vertex 89.9821 0 28.4033
      vertex 89.9507 2 28.4172
      vertex 89.9507 0 28.4172
    endloop
  endfacet
  facet normal 0.870563 0 -0.492057
    outer loop
      vertex 89.6496 0 29.4099
      vertex 89.6327 2 29.38
      vertex 89.6496 2 29.4099
    endloop
  endfacet
  facet normal 0.870563 0 -0.492057
    outer loop
      vertex 89.6327 2 29.38
      vertex 89.6496 0 29.4099
      vertex 89.6327 0 29.38
    endloop
  endfacet
  facet normal -0.171464 0 -0.98519
    outer loop
      vertex 90.3527 0 29.7424
      vertex 90.3866 2 29.7365
      vertex 90.3866 0 29.7365
    endloop
  endfacet
  facet normal -0.171464 0 -0.98519
    outer loop
      vertex 90.3866 2 29.7365
      vertex 90.3527 0 29.7424
      vertex 90.3527 2 29.7424
    endloop
  endfacet
  facet normal 0.360342 0 0.93282
    outer loop
      vertex 89.9821 2 28.4033
      vertex 90.0142 0 28.3909
      vertex 90.0142 2 28.3909
    endloop
  endfacet
  facet normal 0.360342 0 0.93282
    outer loop
      vertex 90.0142 0 28.3909
      vertex 89.9821 2 28.4033
      vertex 89.9821 0 28.4033
    endloop
  endfacet
endsolid OpenSCAD_Model
